number,Timings,season,round,raceName,date,circuit_id,circuit_name,circuit_location,circuit_country
1,"[{'driverId': 'max_verstappen', 'position': '1', 'time': '1:37.284'}, {'driverId': 'leclerc', 'position': '2', 'time': '1:38.271'}, {'driverId': 'russell', 'position': '3', 'time': '1:39.228'}, {'driverId': 'perez', 'position': '4', 'time': '1:40.053'}, {'driverId': 'sainz', 'position': '5', 'time': '1:40.620'}, {'driverId': 'alonso', 'position': '6', 'time': '1:41.679'}, {'driverId': 'norris', 'position': '7', 'time': '1:42.168'}, {'driverId': 'piastri', 'position': '8', 'time': '1:42.523'}, {'driverId': 'hamilton', 'position': '9', 'time': '1:43.122'}, {'driverId': 'tsunoda', 'position': '10', 'time': '1:43.485'}, {'driverId': 'albon', 'position': '11', 'time': '1:43.888'}, {'driverId': 'kevin_magnussen', 'position': '12', 'time': '1:44.349'}, {'driverId': 'zhou', 'position': '13', 'time': '1:44.801'}, {'driverId': 'ricciardo', 'position': '14', 'time': '1:45.668'}, {'driverId': 'sargeant', 'position': '15', 'time': '1:45.921'}, {'driverId': 'ocon', 'position': '16', 'time': '1:46.657'}, {'driverId': 'gasly', 'position': '17', 'time': '1:47.240'}, {'driverId': 'bottas', 'position': '18', 'time': '1:48.536'}, {'driverId': 'stroll', 'position': '19', 'time': '1:50.214'}, {'driverId': 'hulkenberg', 'position': '20', 'time': '1:53.555'}]",2024,1,Bahrain Grand Prix,2024-03-02,bahrain,Bahrain International Circuit,Sakhir,Bahrain
2,"[{'driverId': 'max_verstappen', 'position': '1', 'time': '1:36.296'}, {'driverId': 'leclerc', 'position': '2', 'time': '1:36.862'}, {'driverId': 'russell', 'position': '3', 'time': '1:36.635'}, {'driverId': 'perez', 'position': '4', 'time': '1:36.541'}, {'driverId': 'sainz', 'position': '5', 'time': '1:37.236'}, {'driverId': 'alonso', 'position': '6', 'time': '1:38.020'}, {'driverId': 'norris', 'position': '7', 'time': '1:38.010'}, {'driverId': 'piastri', 'position': '8', 'time': '1:38.382'}, {'driverId': 'hamilton', 'position': '9', 'time': '1:38.273'}, {'driverId': 'tsunoda', 'position': '10', 'time': '1:38.689'}]",2024,1,Bahrain Grand Prix,2024-03-02,bahrain,Bahrain International Circuit,Sakhir,Bahrain
1,"[{'driverId': 'max_verstappen', 'position': '1', 'time': '1:35.505'}, {'driverId': 'leclerc', 'position': '2', 'time': '1:36.681'}, {'driverId': 'perez', 'position': '3', 'time': '1:37.222'}, {'driverId': 'alonso', 'position': '4', 'time': '1:38.507'}, {'driverId': 'piastri', 'position': '5', 'time': '1:38.705'}, {'driverId': 'norris', 'position': '6', 'time': '1:39.926'}, {'driverId': 'russell', 'position': '7', 'time': '1:40.459'}, {'driverId': 'hamilton', 'position': '8', 'time': '1:40.900'}, {'driverId': 'stroll', 'position': '9', 'time': '1:42.429'}, {'driverId': 'tsunoda', 'position': '10', 'time': '1:42.531'}, {'driverId': 'bearman', 'position': '11', 'time': '1:42.621'}, {'driverId': 'kevin_magnussen', 'position': '12', 'time': '1:43.159'}, {'driverId': 'albon', 'position': '13', 'time': '1:43.626'}, {'driverId': 'hulkenberg', 'position': '14', 'time': '1:43.748'}, {'driverId': 'ricciardo', 'position': '15', 'time': '1:44.329'}, {'driverId': 'ocon', 'position': '16', 'time': '1:44.388'}, {'driverId': 'bottas', 'position': '17', 'time': '1:44.857'}, {'driverId': 'sargeant', 'position': '18', 'time': '1:45.460'}, {'driverId': 'zhou', 'position': '19', 'time': '1:45.821'}, {'driverId': 'gasly', 'position': '20', 'time': '2:01.453'}]",2024,2,Saudi Arabian Grand Prix,2024-03-09,jeddah,Jeddah Corniche Circuit,Jeddah,Saudi Arabia
2,"[{'driverId': 'max_verstappen', 'position': '1', 'time': '1:34.205'}, {'driverId': 'leclerc', 'position': '2', 'time': '1:34.179'}, {'driverId': 'perez', 'position': '3', 'time': '1:34.515'}, {'driverId': 'piastri', 'position': '4', 'time': '1:35.082'}, {'driverId': 'alonso', 'position': '5', 'time': '1:35.724'}, {'driverId': 'norris', 'position': '6', 'time': '1:35.246'}, {'driverId': 'russell', 'position': '7', 'time': '1:35.146'}, {'driverId': 'hamilton', 'position': '8', 'time': '1:35.541'}, {'driverId': 'stroll', 'position': '9', 'time': '1:36.094'}, {'driverId': 'tsunoda', 'position': '10', 'time': '1:36.873'}]",2024,2,Saudi Arabian Grand Prix,2024-03-09,jeddah,Jeddah Corniche Circuit,Jeddah,Saudi Arabia
1,"[{'driverId': 'max_verstappen', 'position': '1', 'time': '1:27.458'}, {'driverId': 'sainz', 'position': '2', 'time': '1:28.375'}, {'driverId': 'norris', 'position': '3', 'time': '1:29.784'}, {'driverId': 'leclerc', 'position': '4', 'time': '1:30.520'}, {'driverId': 'piastri', 'position': '5', 'time': '1:31.036'}, {'driverId': 'russell', 'position': '6', 'time': '1:31.910'}, {'driverId': 'perez', 'position': '7', 'time': '1:32.428'}, {'driverId': 'stroll', 'position': '8', 'time': '1:32.835'}, {'driverId': 'tsunoda', 'position': '9', 'time': '1:33.305'}, {'driverId': 'hamilton', 'position': '10', 'time': '1:33.688'}, {'driverId': 'alonso', 'position': '11', 'time': '1:34.503'}, {'driverId': 'bottas', 'position': '12', 'time': '1:34.763'}, {'driverId': 'kevin_magnussen', 'position': '13', 'time': '1:35.467'}, {'driverId': 'albon', 'position': '14', 'time': '1:35.752'}, {'driverId': 'ocon', 'position': '15', 'time': '1:36.283'}, {'driverId': 'hulkenberg', 'position': '16', 'time': '1:36.920'}, {'driverId': 'gasly', 'position': '17', 'time': '1:37.304'}, {'driverId': 'ricciardo', 'position': '18', 'time': '1:37.645'}, {'driverId': 'zhou', 'position': '19', 'time': '1:38.691'}]",2024,3,Australian Grand Prix,2024-03-24,albert_park,Albert Park Grand Prix Circuit,Melbourne,Australia
2,"[{'driverId': 'sainz', 'position': '1', 'time': '1:22.600'}, {'driverId': 'max_verstappen', 'position': '2', 'time': '1:24.099'}, {'driverId': 'norris', 'position': '3', 'time': '1:23.183'}, {'driverId': 'leclerc', 'position': '4', 'time': '1:23.014'}, {'driverId': 'piastri', 'position': '5', 'time': '1:23.232'}, {'driverId': 'russell', 'position': '6', 'time': '1:23.347'}, {'driverId': 'perez', 'position': '7', 'time': '1:23.381'}, {'driverId': 'stroll', 'position': '8', 'time': '1:23.551'}, {'driverId': 'tsunoda', 'position': '9', 'time': '1:23.807'}, {'driverId': 'hamilton', 'position': '10', 'time': '1:24.055'}, {'driverId': 'alonso', 'position': '11', 'time': '1:24.284'}]",2024,3,Australian Grand Prix,2024-03-24,albert_park,Albert Park Grand Prix Circuit,Melbourne,Australia
1,"[{'driverId': 'max_verstappen', 'position': '1', 'time': '2:10.735'}, {'driverId': 'perez', 'position': '2', 'time': '2:12.767'}, {'driverId': 'norris', 'position': '3', 'time': '2:14.751'}, {'driverId': 'sainz', 'position': '4', 'time': '2:17.613'}, {'driverId': 'alonso', 'position': '5', 'time': '2:20.526'}, {'driverId': 'piastri', 'position': '6', 'time': '2:24.356'}, {'driverId': 'hamilton', 'position': '7', 'time': '2:32.716'}, {'driverId': 'leclerc', 'position': '8', 'time': '2:34.543'}, {'driverId': 'russell', 'position': '9', 'time': '2:39.587'}, {'driverId': 'hulkenberg', 'position': '10', 'time': '2:42.853'}, {'driverId': 'bottas', 'position': '11', 'time': '2:44.736'}, {'driverId': 'tsunoda', 'position': '12', 'time': '2:47.566'}, {'driverId': 'ocon', 'position': '13', 'time': '2:50.167'}, {'driverId': 'gasly', 'position': '14', 'time': '2:53.223'}, {'driverId': 'stroll', 'position': '15', 'time': '2:59.595'}, {'driverId': 'kevin_magnussen', 'position': '16', 'time': '3:05.172'}, {'driverId': 'sargeant', 'position': '17', 'time': '3:08.456'}, {'driverId': 'zhou', 'position': '18', 'time': '3:15.118'}]",2024,4,Japanese Grand Prix,2024-04-07,suzuka,Suzuka Circuit,Suzuka,Japan
2,"[{'driverId': 'max_verstappen', 'position': '1', 'time': '28:31.131'}, {'driverId': 'perez', 'position': '2', 'time': '28:31.382'}, {'driverId': 'norris', 'position': '3', 'time': '28:30.610'}, {'driverId': 'sainz', 'position': '4', 'time': '28:32.219'}, {'driverId': 'alonso', 'position': '5', 'time': '28:34.647'}, {'driverId': 'piastri', 'position': '6', 'time': '28:34.222'}, {'driverId': 'hamilton', 'position': '7', 'time': '28:29.973'}, {'driverId': 'leclerc', 'position': '8', 'time': '28:31.605'}, {'driverId': 'russell', 'position': '9', 'time': '28:28.819'}, {'driverId': 'hulkenberg', 'position': '10', 'time': '28:28.601'}, {'driverId': 'bottas', 'position': '11', 'time': '28:28.578'}, {'driverId': 'tsunoda', 'position': '12', 'time': '28:29.992'}]",2024,4,Japanese Grand Prix,2024-04-07,suzuka,Suzuka Circuit,Suzuka,Japan
1,"[{'driverId': 'max_verstappen', 'position': '1', 'time': '1:41.528'}, {'driverId': 'alonso', 'position': '2', 'time': '1:43.173'}, {'driverId': 'perez', 'position': '3', 'time': '1:43.970'}, {'driverId': 'norris', 'position': '4', 'time': '1:44.524'}, {'driverId': 'piastri', 'position': '5', 'time': '1:45.121'}, {'driverId': 'russell', 'position': '6', 'time': '1:45.746'}, {'driverId': 'leclerc', 'position': '7', 'time': '1:46.488'}, {'driverId': 'hulkenberg', 'position': '8', 'time': '1:47.041'}, {'driverId': 'sainz', 'position': '9', 'time': '1:47.147'}, {'driverId': 'stroll', 'position': '10', 'time': '1:47.730'}, {'driverId': 'bottas', 'position': '11', 'time': '1:48.149'}, {'driverId': 'ocon', 'position': '12', 'time': '1:48.897'}, {'driverId': 'albon', 'position': '13', 'time': '1:49.364'}, {'driverId': 'gasly', 'position': '14', 'time': '1:49.907'}, {'driverId': 'ricciardo', 'position': '15', 'time': '1:50.255'}, {'driverId': 'tsunoda', 'position': '16', 'time': '1:50.625'}, {'driverId': 'zhou', 'position': '17', 'time': '1:50.671'}, {'driverId': 'kevin_magnussen', 'position': '18', 'time': '1:51.086'}, {'driverId': 'hamilton', 'position': '19', 'time': '1:51.502'}, {'driverId': 'sargeant', 'position': '20', 'time': '1:52.130'}]",2024,5,Chinese Grand Prix,2024-04-21,shanghai,Shanghai International Circuit,Shanghai,China
2,"[{'driverId': 'max_verstappen', 'position': '1', 'time': '1:40.103'}, {'driverId': 'alonso', 'position': '2', 'time': '1:41.128'}, {'driverId': 'perez', 'position': '3', 'time': '1:40.881'}, {'driverId': 'norris', 'position': '4', 'time': '1:41.267'}, {'driverId': 'piastri', 'position': '5', 'time': '1:41.607'}, {'driverId': 'russell', 'position': '6', 'time': '1:41.696'}, {'driverId': 'leclerc', 'position': '7', 'time': '1:41.812'}, {'driverId': 'sainz', 'position': '8', 'time': '1:42.115'}, {'driverId': 'stroll', 'position': '9', 'time': '1:42.326'}, {'driverId': 'hulkenberg', 'position': '10', 'time': '1:43.687'}]",2024,5,Chinese Grand Prix,2024-04-21,shanghai,Shanghai International Circuit,Shanghai,China
1,"[{'driverId': 'max_verstappen', 'position': '1', 'time': '1:34.338'}, {'driverId': 'leclerc', 'position': '2', 'time': '1:35.697'}, {'driverId': 'piastri', 'position': '3', 'time': '1:36.848'}, {'driverId': 'sainz', 'position': '4', 'time': '1:37.234'}, {'driverId': 'perez', 'position': '5', 'time': '1:38.282'}, {'driverId': 'norris', 'position': '6', 'time': '1:38.919'}, {'driverId': 'hamilton', 'position': '7', 'time': '1:39.924'}, {'driverId': 'hulkenberg', 'position': '8', 'time': '1:40.159'}, {'driverId': 'tsunoda', 'position': '9', 'time': '1:41.055'}, {'driverId': 'russell', 'position': '10', 'time': '1:41.627'}, {'driverId': 'stroll', 'position': '11', 'time': '1:42.004'}, {'driverId': 'alonso', 'position': '12', 'time': '1:43.024'}, {'driverId': 'gasly', 'position': '13', 'time': '1:43.357'}, {'driverId': 'ocon', 'position': '14', 'time': '1:43.733'}, {'driverId': 'albon', 'position': '15', 'time': '1:43.958'}, {'driverId': 'sargeant', 'position': '16', 'time': '1:44.320'}, {'driverId': 'kevin_magnussen', 'position': '17', 'time': '1:44.924'}, {'driverId': 'zhou', 'position': '18', 'time': '1:45.046'}, {'driverId': 'bottas', 'position': '19', 'time': '1:45.784'}, {'driverId': 'ricciardo', 'position': '20', 'time': '1:46.666'}]",2024,6,Miami Grand Prix,2024-05-05,miami,Miami International Autodrome,Miami,USA
2,"[{'driverId': 'max_verstappen', 'position': '1', 'time': '1:33.093'}, {'driverId': 'leclerc', 'position': '2', 'time': '1:33.317'}, {'driverId': 'piastri', 'position': '3', 'time': '1:32.827'}, {'driverId': 'sainz', 'position': '4', 'time': '1:32.990'}, {'driverId': 'perez', 'position': '5', 'time': '1:33.181'}, {'driverId': 'norris', 'position': '6', 'time': '1:34.199'}, {'driverId': 'hulkenberg', 'position': '7', 'time': '1:33.938'}, {'driverId': 'hamilton', 'position': '8', 'time': '1:34.966'}, {'driverId': 'tsunoda', 'position': '9', 'time': '1:34.337'}, {'driverId': 'russell', 'position': '10', 'time': '1:34.395'}]",2024,6,Miami Grand Prix,2024-05-05,miami,Miami International Autodrome,Miami,USA
1,"[{'driverId': 'max_verstappen', 'position': '1', 'time': '1:22.881'}, {'driverId': 'norris', 'position': '2', 'time': '1:23.764'}, {'driverId': 'leclerc', 'position': '3', 'time': '1:24.580'}, {'driverId': 'sainz', 'position': '4', 'time': '1:25.149'}, {'driverId': 'piastri', 'position': '5', 'time': '1:25.726'}, {'driverId': 'russell', 'position': '6', 'time': '1:26.498'}, {'driverId': 'hamilton', 'position': '7', 'time': '1:27.111'}, {'driverId': 'hulkenberg', 'position': '8', 'time': '1:27.748'}, {'driverId': 'tsunoda', 'position': '9', 'time': '1:28.256'}, {'driverId': 'perez', 'position': '10', 'time': '1:28.775'}, {'driverId': 'ricciardo', 'position': '11', 'time': '1:29.351'}, {'driverId': 'ocon', 'position': '12', 'time': '1:29.949'}, {'driverId': 'stroll', 'position': '13', 'time': '1:30.475'}, {'driverId': 'albon', 'position': '14', 'time': '1:31.012'}, {'driverId': 'gasly', 'position': '15', 'time': '1:31.369'}, {'driverId': 'kevin_magnussen', 'position': '16', 'time': '1:31.891'}, {'driverId': 'bottas', 'position': '17', 'time': '1:32.273'}, {'driverId': 'zhou', 'position': '18', 'time': '1:32.781'}, {'driverId': 'sargeant', 'position': '19', 'time': '1:33.076'}, {'driverId': 'alonso', 'position': '20', 'time': '1:33.648'}]",2024,7,Emilia Romagna Grand Prix,2024-05-19,imola,Autodromo Enzo e Dino Ferrari,Imola,Italy
2,"[{'driverId': 'max_verstappen', 'position': '1', 'time': '1:20.596'}, {'driverId': 'norris', 'position': '2', 'time': '1:20.673'}, {'driverId': 'leclerc', 'position': '3', 'time': '1:20.926'}, {'driverId': 'sainz', 'position': '4', 'time': '1:21.102'}, {'driverId': 'piastri', 'position': '5', 'time': '1:21.311'}, {'driverId': 'russell', 'position': '6', 'time': '1:21.562'}, {'driverId': 'hamilton', 'position': '7', 'time': '1:21.841'}, {'driverId': 'hulkenberg', 'position': '8', 'time': '1:22.111'}, {'driverId': 'tsunoda', 'position': '9', 'time': '1:22.366'}, {'driverId': 'perez', 'position': '10', 'time': '1:22.599'}]",2024,7,Emilia Romagna Grand Prix,2024-05-19,imola,Autodromo Enzo e Dino Ferrari,Imola,Italy
1,"[{'driverId': 'leclerc', 'position': '1', 'time': '40:56.330'}, {'driverId': 'piastri', 'position': '2', 'time': '40:58.744'}, {'driverId': 'sainz', 'position': '3', 'time': '41:02.721'}, {'driverId': 'norris', 'position': '4', 'time': '41:08.042'}, {'driverId': 'russell', 'position': '5', 'time': '41:13.884'}, {'driverId': 'max_verstappen', 'position': '6', 'time': '41:18.944'}, {'driverId': 'hamilton', 'position': '7', 'time': '41:23.804'}, {'driverId': 'tsunoda', 'position': '8', 'time': '41:28.609'}, {'driverId': 'albon', 'position': '9', 'time': '41:34.817'}, {'driverId': 'gasly', 'position': '10', 'time': '41:37.695'}, {'driverId': 'stroll', 'position': '11', 'time': '41:42.648'}, {'driverId': 'ricciardo', 'position': '12', 'time': '41:47.607'}, {'driverId': 'alonso', 'position': '13', 'time': '41:53.184'}, {'driverId': 'sargeant', 'position': '14', 'time': '41:56.858'}, {'driverId': 'bottas', 'position': '15', 'time': '42:01.748'}, {'driverId': 'zhou', 'position': '16', 'time': '42:06.253'}]",2024,8,Monaco Grand Prix,2024-05-26,monaco,Circuit de Monaco,Monte-Carlo,Monaco
2,"[{'driverId': 'leclerc', 'position': '1', 'time': '2:57.857'}, {'driverId': 'piastri', 'position': '2', 'time': '2:56.127'}, {'driverId': 'sainz', 'position': '3', 'time': '2:52.664'}, {'driverId': 'norris', 'position': '4', 'time': '2:47.666'}, {'driverId': 'russell', 'position': '5', 'time': '2:42.166'}, {'driverId': 'max_verstappen', 'position': '6', 'time': '2:37.443'}, {'driverId': 'hamilton', 'position': '7', 'time': '2:32.812'}, {'driverId': 'tsunoda', 'position': '8', 'time': '2:28.277'}, {'driverId': 'albon', 'position': '9', 'time': '2:22.255'}, {'driverId': 'gasly', 'position': '10', 'time': '2:19.618'}, {'driverId': 'stroll', 'position': '11', 'time': '2:14.844'}, {'driverId': 'ricciardo', 'position': '12', 'time': '2:10.108'}, {'driverId': 'alonso', 'position': '13', 'time': '2:04.571'}, {'driverId': 'sargeant', 'position': '14', 'time': '2:01.235'}]",2024,8,Monaco Grand Prix,2024-05-26,monaco,Circuit de Monaco,Monte-Carlo,Monaco
1,"[{'driverId': 'russell', 'position': '1', 'time': '1:43.723'}, {'driverId': 'max_verstappen', 'position': '2', 'time': '1:44.993'}, {'driverId': 'norris', 'position': '3', 'time': '1:46.722'}, {'driverId': 'piastri', 'position': '4', 'time': '1:48.458'}, {'driverId': 'alonso', 'position': '5', 'time': '1:49.289'}, {'driverId': 'hamilton', 'position': '6', 'time': '1:50.160'}, {'driverId': 'ricciardo', 'position': '7', 'time': '1:51.305'}, {'driverId': 'kevin_magnussen', 'position': '8', 'time': '1:51.827'}, {'driverId': 'stroll', 'position': '9', 'time': '1:53.082'}, {'driverId': 'leclerc', 'position': '10', 'time': '1:54.412'}, {'driverId': 'tsunoda', 'position': '11', 'time': '1:54.705'}, {'driverId': 'albon', 'position': '12', 'time': '1:55.787'}, {'driverId': 'hulkenberg', 'position': '13', 'time': '1:56.135'}, {'driverId': 'sainz', 'position': '14', 'time': '1:57.663'}, {'driverId': 'sargeant', 'position': '15', 'time': '1:57.685'}, {'driverId': 'ocon', 'position': '16', 'time': '1:58.926'}, {'driverId': 'perez', 'position': '17', 'time': '2:00.060'}, {'driverId': 'gasly', 'position': '18', 'time': '2:00.661'}, {'driverId': 'bottas', 'position': '19', 'time': '2:01.807'}, {'driverId': 'zhou', 'position': '20', 'time': '2:03.563'}]",2024,9,Canadian Grand Prix,2024-06-09,villeneuve,Circuit Gilles Villeneuve,Montreal,Canada
2,"[{'driverId': 'russell', 'position': '1', 'time': '1:36.556'}, {'driverId': 'max_verstappen', 'position': '2', 'time': '1:37.672'}, {'driverId': 'norris', 'position': '3', 'time': '1:38.203'}, {'driverId': 'piastri', 'position': '4', 'time': '1:38.591'}, {'driverId': 'kevin_magnussen', 'position': '5', 'time': '1:36.793'}, {'driverId': 'alonso', 'position': '6', 'time': '1:40.628'}, {'driverId': 'hamilton', 'position': '7', 'time': '1:40.379'}, {'driverId': 'ricciardo', 'position': '8', 'time': '1:41.606'}, {'driverId': 'stroll', 'position': '9', 'time': '1:40.966'}, {'driverId': 'hulkenberg', 'position': '10', 'time': '1:38.640'}]",2024,9,Canadian Grand Prix,2024-06-09,villeneuve,Circuit Gilles Villeneuve,Montreal,Canada
1,"[{'driverId': 'russell', 'position': '1', 'time': '1:22.568'}, {'driverId': 'max_verstappen', 'position': '2', 'time': '1:23.186'}, {'driverId': 'norris', 'position': '3', 'time': '1:23.953'}, {'driverId': 'hamilton', 'position': '4', 'time': '1:24.441'}, {'driverId': 'leclerc', 'position': '5', 'time': '1:25.423'}, {'driverId': 'sainz', 'position': '6', 'time': '1:26.085'}, {'driverId': 'gasly', 'position': '7', 'time': '1:26.584'}, {'driverId': 'piastri', 'position': '8', 'time': '1:27.073'}, {'driverId': 'ocon', 'position': '9', 'time': '1:27.460'}, {'driverId': 'hulkenberg', 'position': '10', 'time': '1:27.970'}, {'driverId': 'perez', 'position': '11', 'time': '1:28.615'}, {'driverId': 'alonso', 'position': '12', 'time': '1:29.190'}, {'driverId': 'stroll', 'position': '13', 'time': '1:29.606'}, {'driverId': 'bottas', 'position': '14', 'time': '1:30.001'}, {'driverId': 'tsunoda', 'position': '15', 'time': '1:30.324'}, {'driverId': 'kevin_magnussen', 'position': '16', 'time': '1:30.633'}, {'driverId': 'zhou', 'position': '17', 'time': '1:31.052'}, {'driverId': 'sargeant', 'position': '18', 'time': '1:31.507'}, {'driverId': 'ricciardo', 'position': '19', 'time': '1:31.751'}, {'driverId': 'albon', 'position': '20', 'time': '1:33.920'}]",2024,10,Spanish Grand Prix,2024-06-23,catalunya,Circuit de Barcelona-Catalunya,Montmeló,Spain
2,"[{'driverId': 'russell', 'position': '1', 'time': '1:19.857'}, {'driverId': 'max_verstappen', 'position': '2', 'time': '1:19.871'}, {'driverId': 'norris', 'position': '3', 'time': '1:20.215'}, {'driverId': 'hamilton', 'position': '4', 'time': '1:20.594'}, {'driverId': 'leclerc', 'position': '5', 'time': '1:20.842'}, {'driverId': 'sainz', 'position': '6', 'time': '1:20.666'}, {'driverId': 'gasly', 'position': '7', 'time': '1:21.157'}, {'driverId': 'piastri', 'position': '8', 'time': '1:21.607'}, {'driverId': 'ocon', 'position': '9', 'time': '1:22.017'}, {'driverId': 'hulkenberg', 'position': '10', 'time': '1:22.084'}]",2024,10,Spanish Grand Prix,2024-06-23,catalunya,Circuit de Barcelona-Catalunya,Montmeló,Spain
1,"[{'driverId': 'max_verstappen', 'position': '1', 'time': '1:12.050'}, {'driverId': 'norris', 'position': '2', 'time': '1:13.371'}, {'driverId': 'russell', 'position': '3', 'time': '1:14.401'}, {'driverId': 'hamilton', 'position': '4', 'time': '1:14.840'}, {'driverId': 'sainz', 'position': '5', 'time': '1:15.456'}, {'driverId': 'perez', 'position': '6', 'time': '1:16.225'}, {'driverId': 'piastri', 'position': '7', 'time': '1:16.950'}, {'driverId': 'ocon', 'position': '8', 'time': '1:17.703'}, {'driverId': 'hulkenberg', 'position': '9', 'time': '1:18.420'}, {'driverId': 'kevin_magnussen', 'position': '10', 'time': '1:18.826'}, {'driverId': 'gasly', 'position': '11', 'time': '1:19.109'}, {'driverId': 'ricciardo', 'position': '12', 'time': '1:19.507'}, {'driverId': 'alonso', 'position': '13', 'time': '1:19.908'}, {'driverId': 'tsunoda', 'position': '14', 'time': '1:20.095'}, {'driverId': 'albon', 'position': '15', 'time': '1:20.507'}, {'driverId': 'bottas', 'position': '16', 'time': '1:20.918'}, {'driverId': 'stroll', 'position': '17', 'time': '1:21.132'}, {'driverId': 'leclerc', 'position': '18', 'time': '1:22.085'}, {'driverId': 'zhou', 'position': '19', 'time': '1:24.058'}, {'driverId': 'sargeant', 'position': '20', 'time': '1:24.605'}]",2024,11,Austrian Grand Prix,2024-06-30,red_bull_ring,Red Bull Ring,Spielberg,Austria
2,"[{'driverId': 'max_verstappen', 'position': '1', 'time': '1:09.938'}, {'driverId': 'norris', 'position': '2', 'time': '1:09.813'}, {'driverId': 'russell', 'position': '3', 'time': '1:10.580'}, {'driverId': 'hamilton', 'position': '4', 'time': '1:10.530'}, {'driverId': 'sainz', 'position': '5', 'time': '1:10.719'}, {'driverId': 'perez', 'position': '6', 'time': '1:10.621'}, {'driverId': 'piastri', 'position': '7', 'time': '1:10.541'}, {'driverId': 'hulkenberg', 'position': '8', 'time': '1:10.217'}, {'driverId': 'ocon', 'position': '9', 'time': '1:11.478'}, {'driverId': 'kevin_magnussen', 'position': '10', 'time': '1:11.184'}]",2024,11,Austrian Grand Prix,2024-06-30,red_bull_ring,Red Bull Ring,Spielberg,Austria
1,"[{'driverId': 'russell', 'position': '1', 'time': '1:35.211'}, {'driverId': 'hamilton', 'position': '2', 'time': '1:36.034'}, {'driverId': 'max_verstappen', 'position': '3', 'time': '1:36.711'}, {'driverId': 'norris', 'position': '4', 'time': '1:37.347'}, {'driverId': 'piastri', 'position': '5', 'time': '1:38.008'}, {'driverId': 'sainz', 'position': '6', 'time': '1:38.699'}, {'driverId': 'stroll', 'position': '7', 'time': '1:39.108'}, {'driverId': 'leclerc', 'position': '8', 'time': '1:39.663'}, {'driverId': 'hulkenberg', 'position': '9', 'time': '1:40.166'}, {'driverId': 'alonso', 'position': '10', 'time': '1:40.474'}, {'driverId': 'tsunoda', 'position': '11', 'time': '1:41.109'}, {'driverId': 'albon', 'position': '12', 'time': '1:41.588'}, {'driverId': 'sargeant', 'position': '13', 'time': '1:41.772'}, {'driverId': 'zhou', 'position': '14', 'time': '1:42.231'}, {'driverId': 'ricciardo', 'position': '15', 'time': '1:42.715'}, {'driverId': 'ocon', 'position': '16', 'time': '1:43.052'}, {'driverId': 'kevin_magnussen', 'position': '17', 'time': '1:43.681'}, {'driverId': 'bottas', 'position': '18', 'time': '1:44.290'}, {'driverId': 'perez', 'position': '19', 'time': '1:49.458'}]",2024,12,British Grand Prix,2024-07-07,silverstone,Silverstone Circuit,Silverstone,UK
2,"[{'driverId': 'russell', 'position': '1', 'time': '1:31.418'}, {'driverId': 'hamilton', 'position': '2', 'time': '1:31.420'}, {'driverId': 'max_verstappen', 'position': '3', 'time': '1:31.773'}, {'driverId': 'norris', 'position': '4', 'time': '1:32.188'}, {'driverId': 'piastri', 'position': '5', 'time': '1:32.361'}, {'driverId': 'sainz', 'position': '6', 'time': '1:32.359'}, {'driverId': 'stroll', 'position': '7', 'time': '1:32.683'}, {'driverId': 'leclerc', 'position': '8', 'time': '1:32.858'}, {'driverId': 'hulkenberg', 'position': '9', 'time': '1:32.844'}, {'driverId': 'alonso', 'position': '10', 'time': '1:33.202'}, {'driverId': 'tsunoda', 'position': '11', 'time': '1:33.214'}]",2024,12,British Grand Prix,2024-07-07,silverstone,Silverstone Circuit,Silverstone,UK
1,"[{'driverId': 'piastri', 'position': '1', 'time': '1:26.746'}, {'driverId': 'max_verstappen', 'position': '2', 'time': '1:28.336'}, {'driverId': 'norris', 'position': '3', 'time': '1:29.389'}, {'driverId': 'hamilton', 'position': '4', 'time': '1:30.241'}, {'driverId': 'leclerc', 'position': '5', 'time': '1:31.218'}, {'driverId': 'alonso', 'position': '6', 'time': '1:31.876'}, {'driverId': 'sainz', 'position': '7', 'time': '1:32.367'}, {'driverId': 'stroll', 'position': '8', 'time': '1:32.820'}, {'driverId': 'albon', 'position': '9', 'time': '1:33.240'}, {'driverId': 'kevin_magnussen', 'position': '10', 'time': '1:33.837'}, {'driverId': 'ricciardo', 'position': '11', 'time': '1:34.329'}, {'driverId': 'tsunoda', 'position': '12', 'time': '1:35.046'}, {'driverId': 'bottas', 'position': '13', 'time': '1:35.430'}, {'driverId': 'hulkenberg', 'position': '14', 'time': '1:35.921'}, {'driverId': 'ocon', 'position': '15', 'time': '1:36.411'}, {'driverId': 'russell', 'position': '16', 'time': '1:36.915'}, {'driverId': 'perez', 'position': '17', 'time': '1:37.441'}, {'driverId': 'sargeant', 'position': '18', 'time': '1:37.623'}, {'driverId': 'zhou', 'position': '19', 'time': '1:37.963'}, {'driverId': 'gasly', 'position': '20', 'time': '1:38.598'}]",2024,13,Hungarian Grand Prix,2024-07-21,hungaroring,Hungaroring,Budapest,Hungary
2,"[{'driverId': 'piastri', 'position': '1', 'time': '1:24.038'}, {'driverId': 'max_verstappen', 'position': '2', 'time': '1:24.026'}, {'driverId': 'norris', 'position': '3', 'time': '1:24.240'}, {'driverId': 'hamilton', 'position': '4', 'time': '1:24.832'}, {'driverId': 'leclerc', 'position': '5', 'time': '1:25.076'}, {'driverId': 'alonso', 'position': '6', 'time': '1:26.085'}, {'driverId': 'sainz', 'position': '7', 'time': '1:26.038'}, {'driverId': 'stroll', 'position': '8', 'time': '1:26.376'}, {'driverId': 'albon', 'position': '9', 'time': '1:26.441'}, {'driverId': 'kevin_magnussen', 'position': '10', 'time': '1:26.680'}]",2024,13,Hungarian Grand Prix,2024-07-21,hungaroring,Hungaroring,Budapest,Hungary
1,"[{'driverId': 'leclerc', 'position': '1', 'time': '1:51.912'}, {'driverId': 'hamilton', 'position': '2', 'time': '1:52.700'}, {'driverId': 'perez', 'position': '3', 'time': '1:53.439'}, {'driverId': 'piastri', 'position': '4', 'time': '1:54.248'}, {'driverId': 'russell', 'position': '5', 'time': '1:54.763'}, {'driverId': 'sainz', 'position': '6', 'time': '1:55.270'}, {'driverId': 'norris', 'position': '7', 'time': '1:55.727'}, {'driverId': 'alonso', 'position': '8', 'time': '1:56.577'}, {'driverId': 'max_verstappen', 'position': '9', 'time': '1:57.183'}, {'driverId': 'albon', 'position': '10', 'time': '1:57.321'}, {'driverId': 'ocon', 'position': '11', 'time': '1:57.847'}, {'driverId': 'gasly', 'position': '12', 'time': '1:58.554'}, {'driverId': 'bottas', 'position': '13', 'time': '1:58.761'}, {'driverId': 'ricciardo', 'position': '14', 'time': '1:59.256'}, {'driverId': 'stroll', 'position': '15', 'time': '1:59.618'}, {'driverId': 'hulkenberg', 'position': '16', 'time': '2:00.156'}, {'driverId': 'kevin_magnussen', 'position': '17', 'time': '2:00.748'}, {'driverId': 'zhou', 'position': '18', 'time': '2:01.121'}, {'driverId': 'tsunoda', 'position': '19', 'time': '2:01.641'}, {'driverId': 'sargeant', 'position': '20', 'time': '2:02.190'}]",2024,14,Belgian Grand Prix,2024-07-28,spa,Circuit de Spa-Francorchamps,Spa,Belgium
2,"[{'driverId': 'leclerc', 'position': '1', 'time': '1:50.240'}, {'driverId': 'hamilton', 'position': '2', 'time': '1:49.849'}, {'driverId': 'perez', 'position': '3', 'time': '1:50.240'}, {'driverId': 'piastri', 'position': '4', 'time': '1:50.164'}, {'driverId': 'russell', 'position': '5', 'time': '1:50.160'}, {'driverId': 'sainz', 'position': '6', 'time': '1:50.260'}, {'driverId': 'norris', 'position': '7', 'time': '1:50.504'}, {'driverId': 'max_verstappen', 'position': '8', 'time': '1:49.828'}, {'driverId': 'alonso', 'position': '9', 'time': '1:51.316'}, {'driverId': 'albon', 'position': '10', 'time': '1:51.283'}]",2024,14,Belgian Grand Prix,2024-07-28,spa,Circuit de Spa-Francorchamps,Spa,Belgium
1,"[{'driverId': 'max_verstappen', 'position': '1', 'time': '1:19.915'}, {'driverId': 'norris', 'position': '2', 'time': '1:20.878'}, {'driverId': 'russell', 'position': '3', 'time': '1:21.729'}, {'driverId': 'piastri', 'position': '4', 'time': '1:22.638'}, {'driverId': 'leclerc', 'position': '5', 'time': '1:23.322'}, {'driverId': 'perez', 'position': '6', 'time': '1:23.931'}, {'driverId': 'gasly', 'position': '7', 'time': '1:24.654'}, {'driverId': 'alonso', 'position': '8', 'time': '1:24.726'}, {'driverId': 'sainz', 'position': '9', 'time': '1:25.474'}, {'driverId': 'stroll', 'position': '10', 'time': '1:25.703'}, {'driverId': 'hulkenberg', 'position': '11', 'time': '1:26.432'}, {'driverId': 'tsunoda', 'position': '12', 'time': '1:26.878'}, {'driverId': 'hamilton', 'position': '13', 'time': '1:27.280'}, {'driverId': 'bottas', 'position': '14', 'time': '1:27.361'}, {'driverId': 'ricciardo', 'position': '15', 'time': '1:27.950'}, {'driverId': 'ocon', 'position': '16', 'time': '1:28.161'}, {'driverId': 'albon', 'position': '17', 'time': '1:28.535'}, {'driverId': 'sargeant', 'position': '18', 'time': '1:29.090'}, {'driverId': 'zhou', 'position': '19', 'time': '1:29.615'}, {'driverId': 'kevin_magnussen', 'position': '20', 'time': '1:30.772'}]",2024,15,Dutch Grand Prix,2024-08-25,zandvoort,Circuit Park Zandvoort,Zandvoort,Netherlands
2,"[{'driverId': 'max_verstappen', 'position': '1', 'time': '1:16.106'}, {'driverId': 'norris', 'position': '2', 'time': '1:16.134'}, {'driverId': 'russell', 'position': '3', 'time': '1:16.389'}, {'driverId': 'piastri', 'position': '4', 'time': '1:16.240'}, {'driverId': 'leclerc', 'position': '5', 'time': '1:16.695'}, {'driverId': 'perez', 'position': '6', 'time': '1:16.479'}, {'driverId': 'gasly', 'position': '7', 'time': '1:16.896'}, {'driverId': 'alonso', 'position': '8', 'time': '1:17.392'}, {'driverId': 'sainz', 'position': '9', 'time': '1:17.277'}, {'driverId': 'stroll', 'position': '10', 'time': '1:17.513'}]",2024,15,Dutch Grand Prix,2024-08-25,zandvoort,Circuit Park Zandvoort,Zandvoort,Netherlands
1,"[{'driverId': 'piastri', 'position': '1', 'time': '1:27.623'}, {'driverId': 'leclerc', 'position': '2', 'time': '1:28.179'}, {'driverId': 'norris', 'position': '3', 'time': '1:28.971'}, {'driverId': 'sainz', 'position': '4', 'time': '1:29.345'}, {'driverId': 'hamilton', 'position': '5', 'time': '1:29.674'}, {'driverId': 'max_verstappen', 'position': '6', 'time': '1:30.354'}, {'driverId': 'russell', 'position': '7', 'time': '1:31.512'}, {'driverId': 'perez', 'position': '8', 'time': '1:31.698'}, {'driverId': 'albon', 'position': '9', 'time': '1:31.965'}, {'driverId': 'alonso', 'position': '10', 'time': '1:32.411'}, {'driverId': 'ricciardo', 'position': '11', 'time': '1:33.104'}, {'driverId': 'kevin_magnussen', 'position': '12', 'time': '1:33.931'}, {'driverId': 'gasly', 'position': '13', 'time': '1:34.873'}, {'driverId': 'tsunoda', 'position': '14', 'time': '1:35.235'}, {'driverId': 'ocon', 'position': '15', 'time': '1:35.432'}, {'driverId': 'hulkenberg', 'position': '16', 'time': '1:35.519'}, {'driverId': 'stroll', 'position': '17', 'time': '1:35.810'}, {'driverId': 'colapinto', 'position': '18', 'time': '1:35.885'}, {'driverId': 'bottas', 'position': '19', 'time': '1:36.375'}, {'driverId': 'zhou', 'position': '20', 'time': '1:36.732'}]",2024,16,Italian Grand Prix,2024-09-01,monza,Autodromo Nazionale di Monza,Monza,Italy
2,"[{'driverId': 'piastri', 'position': '1', 'time': '1:25.116'}, {'driverId': 'leclerc', 'position': '2', 'time': '1:25.396'}, {'driverId': 'norris', 'position': '3', 'time': '1:25.458'}, {'driverId': 'sainz', 'position': '4', 'time': '1:25.731'}, {'driverId': 'hamilton', 'position': '5', 'time': '1:26.043'}, {'driverId': 'max_verstappen', 'position': '6', 'time': '1:26.170'}, {'driverId': 'russell', 'position': '7', 'time': '1:26.055'}, {'driverId': 'perez', 'position': '8', 'time': '1:26.411'}, {'driverId': 'albon', 'position': '9', 'time': '1:27.011'}, {'driverId': 'alonso', 'position': '10', 'time': '1:27.236'}]",2024,16,Italian Grand Prix,2024-09-01,monza,Autodromo Nazionale di Monza,Monza,Italy
1,"[{'driverId': 'leclerc', 'position': '1', 'time': '1:52.106'}, {'driverId': 'piastri', 'position': '2', 'time': '1:52.903'}, {'driverId': 'perez', 'position': '3', 'time': '1:53.923'}, {'driverId': 'sainz', 'position': '4', 'time': '1:54.797'}, {'driverId': 'max_verstappen', 'position': '5', 'time': '1:55.490'}, {'driverId': 'russell', 'position': '6', 'time': '1:56.420'}, {'driverId': 'alonso', 'position': '7', 'time': '1:57.400'}, {'driverId': 'colapinto', 'position': '8', 'time': '1:58.293'}, {'driverId': 'albon', 'position': '9', 'time': '1:59.047'}, {'driverId': 'bearman', 'position': '10', 'time': '2:00.008'}, {'driverId': 'tsunoda', 'position': '11', 'time': '2:03.649'}, {'driverId': 'norris', 'position': '12', 'time': '2:03.761'}, {'driverId': 'hulkenberg', 'position': '13', 'time': '2:03.833'}, {'driverId': 'ricciardo', 'position': '14', 'time': '2:03.929'}, {'driverId': 'gasly', 'position': '15', 'time': '2:04.448'}, {'driverId': 'bottas', 'position': '16', 'time': '2:04.469'}, {'driverId': 'hamilton', 'position': '17', 'time': '2:05.704'}, {'driverId': 'zhou', 'position': '18', 'time': '2:05.800'}, {'driverId': 'ocon', 'position': '19', 'time': '2:06.969'}, {'driverId': 'stroll', 'position': '20', 'time': '2:11.014'}]",2024,17,Azerbaijan Grand Prix,2024-09-15,baku,Baku City Circuit,Baku,Azerbaijan
2,"[{'driverId': 'leclerc', 'position': '1', 'time': '1:49.283'}, {'driverId': 'piastri', 'position': '2', 'time': '1:48.944'}, {'driverId': 'perez', 'position': '3', 'time': '1:49.236'}, {'driverId': 'sainz', 'position': '4', 'time': '1:49.120'}, {'driverId': 'max_verstappen', 'position': '5', 'time': '1:49.632'}, {'driverId': 'russell', 'position': '6', 'time': '1:49.738'}, {'driverId': 'alonso', 'position': '7', 'time': '1:50.081'}, {'driverId': 'colapinto', 'position': '8', 'time': '1:50.410'}, {'driverId': 'albon', 'position': '9', 'time': '1:50.846'}, {'driverId': 'bearman', 'position': '10', 'time': '1:50.738'}]",2024,17,Azerbaijan Grand Prix,2024-09-15,baku,Baku City Circuit,Baku,Azerbaijan
1,"[{'driverId': 'norris', 'position': '1', 'time': '1:40.424'}, {'driverId': 'max_verstappen', 'position': '2', 'time': '1:41.413'}, {'driverId': 'hamilton', 'position': '3', 'time': '1:42.702'}, {'driverId': 'russell', 'position': '4', 'time': '1:43.822'}, {'driverId': 'piastri', 'position': '5', 'time': '1:45.268'}, {'driverId': 'hulkenberg', 'position': '6', 'time': '1:45.723'}, {'driverId': 'alonso', 'position': '7', 'time': '1:46.384'}, {'driverId': 'leclerc', 'position': '8', 'time': '1:47.090'}, {'driverId': 'colapinto', 'position': '9', 'time': '1:47.696'}, {'driverId': 'perez', 'position': '10', 'time': '1:48.150'}, {'driverId': 'tsunoda', 'position': '11', 'time': '1:48.899'}, {'driverId': 'sainz', 'position': '12', 'time': '1:49.501'}, {'driverId': 'ocon', 'position': '13', 'time': '1:49.927'}, {'driverId': 'kevin_magnussen', 'position': '14', 'time': '1:50.409'}, {'driverId': 'albon', 'position': '15', 'time': '1:50.771'}, {'driverId': 'ricciardo', 'position': '16', 'time': '1:51.319'}, {'driverId': 'gasly', 'position': '17', 'time': '1:51.981'}, {'driverId': 'stroll', 'position': '18', 'time': '1:52.609'}, {'driverId': 'bottas', 'position': '19', 'time': '1:53.361'}, {'driverId': 'zhou', 'position': '20', 'time': '1:53.822'}]",2024,18,Singapore Grand Prix,2024-09-22,marina_bay,Marina Bay Street Circuit,Marina Bay,Singapore
2,"[{'driverId': 'norris', 'position': '1', 'time': '1:38.480'}, {'driverId': 'max_verstappen', 'position': '2', 'time': '1:38.790'}, {'driverId': 'hamilton', 'position': '3', 'time': '1:38.853'}, {'driverId': 'russell', 'position': '4', 'time': '1:38.489'}, {'driverId': 'piastri', 'position': '5', 'time': '1:38.939'}, {'driverId': 'hulkenberg', 'position': '6', 'time': '1:39.449'}, {'driverId': 'alonso', 'position': '7', 'time': '1:39.584'}, {'driverId': 'leclerc', 'position': '8', 'time': '1:39.775'}, {'driverId': 'colapinto', 'position': '9', 'time': '1:39.890'}, {'driverId': 'perez', 'position': '10', 'time': '1:39.896'}]",2024,18,Singapore Grand Prix,2024-09-22,marina_bay,Marina Bay Street Circuit,Marina Bay,Singapore
1,"[{'driverId': 'leclerc', 'position': '1', 'time': '1:39.987'}, {'driverId': 'max_verstappen', 'position': '2', 'time': '1:41.657'}, {'driverId': 'sainz', 'position': '3', 'time': '1:42.273'}, {'driverId': 'norris', 'position': '4', 'time': '1:42.902'}, {'driverId': 'piastri', 'position': '5', 'time': '1:43.937'}, {'driverId': 'gasly', 'position': '6', 'time': '1:44.426'}, {'driverId': 'kevin_magnussen', 'position': '7', 'time': '1:45.073'}, {'driverId': 'tsunoda', 'position': '8', 'time': '1:45.613'}, {'driverId': 'perez', 'position': '9', 'time': '1:46.074'}, {'driverId': 'alonso', 'position': '10', 'time': '1:46.421'}, {'driverId': 'hulkenberg', 'position': '11', 'time': '1:47.084'}, {'driverId': 'hamilton', 'position': '12', 'time': '1:48.064'}, {'driverId': 'stroll', 'position': '13', 'time': '1:48.520'}, {'driverId': 'lawson', 'position': '14', 'time': '1:48.974'}, {'driverId': 'zhou', 'position': '15', 'time': '1:49.473'}, {'driverId': 'colapinto', 'position': '16', 'time': '1:49.923'}, {'driverId': 'bottas', 'position': '17', 'time': '1:50.705'}, {'driverId': 'albon', 'position': '18', 'time': '1:51.269'}, {'driverId': 'russell', 'position': '19', 'time': '1:51.647'}, {'driverId': 'ocon', 'position': '20', 'time': '1:56.745'}]",2024,19,United States Grand Prix,2024-10-20,americas,Circuit of the Americas,Austin,USA
2,"[{'driverId': 'leclerc', 'position': '1', 'time': '1:40.341'}, {'driverId': 'max_verstappen', 'position': '2', 'time': '1:39.991'}, {'driverId': 'sainz', 'position': '3', 'time': '1:39.923'}, {'driverId': 'norris', 'position': '4', 'time': '1:40.864'}, {'driverId': 'piastri', 'position': '5', 'time': '1:41.768'}, {'driverId': 'gasly', 'position': '6', 'time': '1:42.067'}, {'driverId': 'kevin_magnussen', 'position': '7', 'time': '1:42.038'}, {'driverId': 'tsunoda', 'position': '8', 'time': '1:42.114'}, {'driverId': 'perez', 'position': '9', 'time': '1:42.416'}, {'driverId': 'alonso', 'position': '10', 'time': '1:42.720'}]",2024,19,United States Grand Prix,2024-10-20,americas,Circuit of the Americas,Austin,USA
1,"[{'driverId': 'max_verstappen', 'position': '1', 'time': '1:45.059'}, {'driverId': 'sainz', 'position': '2', 'time': '1:47.224'}, {'driverId': 'norris', 'position': '3', 'time': '1:49.304'}, {'driverId': 'leclerc', 'position': '4', 'time': '1:50.826'}, {'driverId': 'hamilton', 'position': '5', 'time': '1:52.235'}, {'driverId': 'russell', 'position': '6', 'time': '1:54.932'}, {'driverId': 'kevin_magnussen', 'position': '7', 'time': '1:56.783'}, {'driverId': 'hulkenberg', 'position': '8', 'time': '1:58.596'}, {'driverId': 'gasly', 'position': '9', 'time': '2:00.117'}, {'driverId': 'lawson', 'position': '10', 'time': '2:00.936'}, {'driverId': 'stroll', 'position': '11', 'time': '2:03.885'}, {'driverId': 'alonso', 'position': '12', 'time': '2:05.776'}, {'driverId': 'perez', 'position': '13', 'time': '2:07.341'}, {'driverId': 'colapinto', 'position': '14', 'time': '2:08.478'}, {'driverId': 'bottas', 'position': '15', 'time': '2:10.545'}, {'driverId': 'zhou', 'position': '16', 'time': '2:12.333'}, {'driverId': 'piastri', 'position': '17', 'time': '2:13.443'}, {'driverId': 'ocon', 'position': '18', 'time': '2:14.747'}]",2024,20,Mexico City Grand Prix,2024-10-27,rodriguez,Autódromo Hermanos Rodríguez,Mexico City,Mexico
2,"[{'driverId': 'max_verstappen', 'position': '1', 'time': '2:18.259'}, {'driverId': 'sainz', 'position': '2', 'time': '2:17.937'}, {'driverId': 'norris', 'position': '3', 'time': '2:18.718'}, {'driverId': 'leclerc', 'position': '4', 'time': '2:18.252'}, {'driverId': 'hamilton', 'position': '5', 'time': '2:18.527'}, {'driverId': 'russell', 'position': '6', 'time': '2:18.197'}, {'driverId': 'kevin_magnussen', 'position': '7', 'time': '2:17.679'}, {'driverId': 'hulkenberg', 'position': '8', 'time': '2:17.184'}, {'driverId': 'gasly', 'position': '9', 'time': '2:16.958'}, {'driverId': 'lawson', 'position': '10', 'time': '2:18.369'}, {'driverId': 'stroll', 'position': '11', 'time': '2:17.060'}, {'driverId': 'alonso', 'position': '12', 'time': '2:17.643'}]",2024,20,Mexico City Grand Prix,2024-10-27,rodriguez,Autódromo Hermanos Rodríguez,Mexico City,Mexico
1,"[{'driverId': 'russell', 'position': '1', 'time': '1:30.516'}, {'driverId': 'norris', 'position': '2', 'time': '1:31.803'}, {'driverId': 'tsunoda', 'position': '3', 'time': '1:33.749'}, {'driverId': 'ocon', 'position': '4', 'time': '1:34.467'}, {'driverId': 'leclerc', 'position': '5', 'time': '1:34.968'}, {'driverId': 'lawson', 'position': '6', 'time': '1:35.992'}, {'driverId': 'piastri', 'position': '7', 'time': '1:36.644'}, {'driverId': 'alonso', 'position': '8', 'time': '1:37.318'}, {'driverId': 'gasly', 'position': '9', 'time': '1:38.052'}, {'driverId': 'hamilton', 'position': '10', 'time': '1:38.874'}, {'driverId': 'max_verstappen', 'position': '11', 'time': '1:39.161'}, {'driverId': 'colapinto', 'position': '12', 'time': '1:39.943'}, {'driverId': 'bearman', 'position': '13', 'time': '1:40.491'}, {'driverId': 'hulkenberg', 'position': '14', 'time': '1:41.582'}, {'driverId': 'bottas', 'position': '15', 'time': '1:41.650'}, {'driverId': 'zhou', 'position': '16', 'time': '1:42.750'}, {'driverId': 'sainz', 'position': '17', 'time': '1:43.434'}, {'driverId': 'perez', 'position': '18', 'time': '1:49.387'}]",2024,21,São Paulo Grand Prix,2024-11-03,interlagos,Autódromo José Carlos Pace,São Paulo,Brazil
2,"[{'driverId': 'russell', 'position': '1', 'time': '1:25.804'}, {'driverId': 'norris', 'position': '2', 'time': '1:26.207'}, {'driverId': 'tsunoda', 'position': '3', 'time': '1:26.351'}, {'driverId': 'ocon', 'position': '4', 'time': '1:26.376'}, {'driverId': 'leclerc', 'position': '5', 'time': '1:26.521'}, {'driverId': 'lawson', 'position': '6', 'time': '1:26.807'}, {'driverId': 'piastri', 'position': '7', 'time': '1:27.194'}, {'driverId': 'alonso', 'position': '8', 'time': '1:27.116'}, {'driverId': 'gasly', 'position': '9', 'time': '1:27.330'}, {'driverId': 'max_verstappen', 'position': '10', 'time': '1:27.134'}, {'driverId': 'hamilton', 'position': '11', 'time': '1:27.832'}, {'driverId': 'colapinto', 'position': '12', 'time': '1:27.983'}]",2024,21,São Paulo Grand Prix,2024-11-03,interlagos,Autódromo José Carlos Pace,São Paulo,Brazil
1,"[{'driverId': 'russell', 'position': '1', 'time': '1:43.267'}, {'driverId': 'leclerc', 'position': '2', 'time': '1:43.882'}, {'driverId': 'sainz', 'position': '3', 'time': '1:44.812'}, {'driverId': 'gasly', 'position': '4', 'time': '1:45.330'}, {'driverId': 'max_verstappen', 'position': '5', 'time': '1:45.917'}, {'driverId': 'norris', 'position': '6', 'time': '1:46.792'}, {'driverId': 'tsunoda', 'position': '7', 'time': '1:47.340'}, {'driverId': 'piastri', 'position': '8', 'time': '1:48.433'}, {'driverId': 'hulkenberg', 'position': '9', 'time': '1:48.675'}, {'driverId': 'hamilton', 'position': '10', 'time': '1:49.116'}, {'driverId': 'ocon', 'position': '11', 'time': '1:50.001'}, {'driverId': 'zhou', 'position': '12', 'time': '1:50.678'}, {'driverId': 'lawson', 'position': '13', 'time': '1:52.392'}, {'driverId': 'kevin_magnussen', 'position': '14', 'time': '1:52.614'}, {'driverId': 'alonso', 'position': '15', 'time': '1:52.823'}, {'driverId': 'albon', 'position': '16', 'time': '1:53.147'}, {'driverId': 'perez', 'position': '17', 'time': '1:53.292'}, {'driverId': 'stroll', 'position': '18', 'time': '1:53.727'}, {'driverId': 'bottas', 'position': '19', 'time': '1:54.609'}, {'driverId': 'colapinto', 'position': '20', 'time': '1:55.624'}]",2024,22,Las Vegas Grand Prix,2024-11-23,vegas,Las Vegas Strip Street Circuit,Las Vegas,USA
2,"[{'driverId': 'russell', 'position': '1', 'time': '1:39.077'}, {'driverId': 'leclerc', 'position': '2', 'time': '1:39.333'}, {'driverId': 'sainz', 'position': '3', 'time': '1:39.466'}, {'driverId': 'gasly', 'position': '4', 'time': '1:39.956'}, {'driverId': 'max_verstappen', 'position': '5', 'time': '1:39.861'}, {'driverId': 'norris', 'position': '6', 'time': '1:39.907'}, {'driverId': 'tsunoda', 'position': '7', 'time': '1:40.026'}, {'driverId': 'hulkenberg', 'position': '8', 'time': '1:39.760'}, {'driverId': 'piastri', 'position': '9', 'time': '1:40.495'}, {'driverId': 'hamilton', 'position': '10', 'time': '1:40.033'}]",2024,22,Las Vegas Grand Prix,2024-11-23,vegas,Las Vegas Strip Street Circuit,Las Vegas,USA
1,"[{'driverId': 'max_verstappen', 'position': '1', 'time': '1:51.344'}, {'driverId': 'norris', 'position': '2', 'time': '1:53.635'}, {'driverId': 'russell', 'position': '3', 'time': '1:55.631'}, {'driverId': 'leclerc', 'position': '4', 'time': '1:57.439'}, {'driverId': 'piastri', 'position': '5', 'time': '1:58.513'}, {'driverId': 'sainz', 'position': '6', 'time': '1:59.394'}, {'driverId': 'perez', 'position': '7', 'time': '2:00.204'}, {'driverId': 'alonso', 'position': '8', 'time': '2:03.172'}, {'driverId': 'hamilton', 'position': '9', 'time': '2:04.279'}, {'driverId': 'tsunoda', 'position': '10', 'time': '2:07.750'}, {'driverId': 'kevin_magnussen', 'position': '11', 'time': '2:09.920'}, {'driverId': 'gasly', 'position': '12', 'time': '2:10.912'}, {'driverId': 'bottas', 'position': '13', 'time': '2:12.082'}, {'driverId': 'lawson', 'position': '14', 'time': '2:13.331'}, {'driverId': 'zhou', 'position': '15', 'time': '2:14.044'}, {'driverId': 'albon', 'position': '16', 'time': '2:15.384'}, {'driverId': 'stroll', 'position': '17', 'time': '2:16.793'}, {'driverId': 'hulkenberg', 'position': '18', 'time': '2:45.271'}]",2024,23,Qatar Grand Prix,2024-12-01,losail,Losail International Circuit,Al Daayen,Qatar
2,"[{'driverId': 'max_verstappen', 'position': '1', 'time': '2:21.257'}, {'driverId': 'norris', 'position': '2', 'time': '2:21.280'}, {'driverId': 'russell', 'position': '3', 'time': '2:21.375'}, {'driverId': 'leclerc', 'position': '4', 'time': '2:22.075'}, {'driverId': 'piastri', 'position': '5', 'time': '2:22.913'}, {'driverId': 'sainz', 'position': '6', 'time': '2:23.307'}, {'driverId': 'perez', 'position': '7', 'time': '2:23.708'}, {'driverId': 'alonso', 'position': '8', 'time': '2:22.483'}, {'driverId': 'hamilton', 'position': '9', 'time': '2:24.030'}, {'driverId': 'tsunoda', 'position': '10', 'time': '2:23.351'}, {'driverId': 'kevin_magnussen', 'position': '11', 'time': '2:23.343'}, {'driverId': 'gasly', 'position': '12', 'time': '2:23.807'}]",2024,23,Qatar Grand Prix,2024-12-01,losail,Losail International Circuit,Al Daayen,Qatar
1,"[{'driverId': 'norris', 'position': '1', 'time': '1:31.142'}, {'driverId': 'sainz', 'position': '2', 'time': '1:32.999'}, {'driverId': 'gasly', 'position': '3', 'time': '1:33.984'}, {'driverId': 'russell', 'position': '4', 'time': '1:34.679'}, {'driverId': 'hulkenberg', 'position': '5', 'time': '1:35.498'}, {'driverId': 'alonso', 'position': '6', 'time': '1:36.166'}, {'driverId': 'kevin_magnussen', 'position': '7', 'time': '1:36.949'}, {'driverId': 'leclerc', 'position': '8', 'time': '1:37.644'}, {'driverId': 'stroll', 'position': '9', 'time': '1:38.324'}, {'driverId': 'lawson', 'position': '10', 'time': '1:39.017'}, {'driverId': 'max_verstappen', 'position': '11', 'time': '1:39.510'}, {'driverId': 'hamilton', 'position': '12', 'time': '1:39.884'}, {'driverId': 'bottas', 'position': '13', 'time': '1:40.183'}, {'driverId': 'zhou', 'position': '14', 'time': '1:40.718'}, {'driverId': 'albon', 'position': '15', 'time': '1:41.190'}, {'driverId': 'doohan', 'position': '16', 'time': '1:41.564'}, {'driverId': 'tsunoda', 'position': '17', 'time': '1:42.007'}, {'driverId': 'colapinto', 'position': '18', 'time': '1:42.506'}, {'driverId': 'piastri', 'position': '19', 'time': '1:43.757'}]",2024,24,Abu Dhabi Grand Prix,2024-12-08,yas_marina,Yas Marina Circuit,Abu Dhabi,UAE
2,"[{'driverId': 'norris', 'position': '1', 'time': '1:48.349'}, {'driverId': 'sainz', 'position': '2', 'time': '1:49.770'}, {'driverId': 'gasly', 'position': '3', 'time': '1:49.760'}, {'driverId': 'russell', 'position': '4', 'time': '1:49.838'}, {'driverId': 'hulkenberg', 'position': '5', 'time': '1:49.887'}, {'driverId': 'alonso', 'position': '6', 'time': '1:50.156'}, {'driverId': 'kevin_magnussen', 'position': '7', 'time': '1:50.197'}, {'driverId': 'leclerc', 'position': '8', 'time': '1:53.013'}, {'driverId': 'stroll', 'position': '9', 'time': '1:53.356'}, {'driverId': 'lawson', 'position': '10', 'time': '1:54.148'}, {'driverId': 'max_verstappen', 'position': '11', 'time': '1:54.938'}]",2024,24,Abu Dhabi Grand Prix,2024-12-08,yas_marina,Yas Marina Circuit,Abu Dhabi,UAE
1,"[{'driverId': 'norris', 'position': '1', 'time': '1:57.099'}, {'driverId': 'max_verstappen', 'position': '2', 'time': '1:59.392'}, {'driverId': 'piastri', 'position': '3', 'time': '2:00.807'}, {'driverId': 'russell', 'position': '4', 'time': '2:04.644'}, {'driverId': 'leclerc', 'position': '5', 'time': '2:08.480'}, {'driverId': 'tsunoda', 'position': '6', 'time': '2:10.655'}, {'driverId': 'albon', 'position': '7', 'time': '2:12.195'}, {'driverId': 'hamilton', 'position': '8', 'time': '2:12.883'}, {'driverId': 'gasly', 'position': '9', 'time': '2:14.132'}, {'driverId': 'alonso', 'position': '10', 'time': '2:17.178'}, {'driverId': 'stroll', 'position': '11', 'time': '2:19.485'}, {'driverId': 'hulkenberg', 'position': '12', 'time': '2:21.221'}, {'driverId': 'antonelli', 'position': '13', 'time': '2:22.352'}, {'driverId': 'bortoleto', 'position': '14', 'time': '2:24.063'}, {'driverId': 'ocon', 'position': '15', 'time': '2:25.769'}, {'driverId': 'lawson', 'position': '16', 'time': '2:28.795'}, {'driverId': 'bearman', 'position': '17', 'time': '2:29.413'}]",2025,1,Australian Grand Prix,2025-03-16,albert_park,Albert Park Grand Prix Circuit,Melbourne,Australia
2,"[{'driverId': 'norris', 'position': '1', 'time': '2:49.888'}, {'driverId': 'max_verstappen', 'position': '2', 'time': '2:49.322'}, {'driverId': 'piastri', 'position': '3', 'time': '2:49.543'}, {'driverId': 'russell', 'position': '4', 'time': '2:48.126'}, {'driverId': 'leclerc', 'position': '5', 'time': '2:47.233'}, {'driverId': 'tsunoda', 'position': '6', 'time': '2:48.219'}, {'driverId': 'albon', 'position': '7', 'time': '2:48.864'}, {'driverId': 'hamilton', 'position': '8', 'time': '2:49.908'}, {'driverId': 'gasly', 'position': '9', 'time': '2:51.310'}, {'driverId': 'alonso', 'position': '10', 'time': '2:49.408'}, {'driverId': 'stroll', 'position': '11', 'time': '2:49.481'}, {'driverId': 'hulkenberg', 'position': '12', 'time': '2:49.398'}, {'driverId': 'antonelli', 'position': '13', 'time': '2:49.800'}]",2025,1,Australian Grand Prix,2025-03-16,albert_park,Albert Park Grand Prix Circuit,Melbourne,Australia
1,"[{'driverId': 'piastri', 'position': '1', 'time': '1:38.344'}, {'driverId': 'norris', 'position': '2', 'time': '1:39.268'}, {'driverId': 'russell', 'position': '3', 'time': '1:40.282'}, {'driverId': 'hamilton', 'position': '4', 'time': '1:40.792'}, {'driverId': 'leclerc', 'position': '5', 'time': '1:41.763'}, {'driverId': 'max_verstappen', 'position': '6', 'time': '1:42.249'}, {'driverId': 'antonelli', 'position': '7', 'time': '1:43.008'}, {'driverId': 'tsunoda', 'position': '8', 'time': '1:43.656'}, {'driverId': 'hadjar', 'position': '9', 'time': '1:44.196'}, {'driverId': 'ocon', 'position': '10', 'time': '1:44.831'}, {'driverId': 'albon', 'position': '11', 'time': '1:45.273'}, {'driverId': 'alonso', 'position': '12', 'time': '1:45.761'}, {'driverId': 'gasly', 'position': '13', 'time': '1:46.040'}, {'driverId': 'stroll', 'position': '14', 'time': '1:46.646'}, {'driverId': 'sainz', 'position': '15', 'time': '1:47.312'}, {'driverId': 'bearman', 'position': '16', 'time': '1:47.687'}, {'driverId': 'doohan', 'position': '17', 'time': '1:47.904'}, {'driverId': 'lawson', 'position': '18', 'time': '1:48.928'}, {'driverId': 'hulkenberg', 'position': '19', 'time': '1:49.895'}, {'driverId': 'bortoleto', 'position': '20', 'time': '2:03.657'}]",2025,2,Chinese Grand Prix,2025-03-23,shanghai,Shanghai International Circuit,Shanghai,China
2,"[{'driverId': 'piastri', 'position': '1', 'time': '1:37.551'}, {'driverId': 'norris', 'position': '2', 'time': '1:37.713'}, {'driverId': 'russell', 'position': '3', 'time': '1:37.463'}, {'driverId': 'hamilton', 'position': '4', 'time': '1:38.172'}, {'driverId': 'leclerc', 'position': '5', 'time': '1:38.184'}, {'driverId': 'max_verstappen', 'position': '6', 'time': '1:38.304'}, {'driverId': 'antonelli', 'position': '7', 'time': '1:38.347'}, {'driverId': 'tsunoda', 'position': '8', 'time': '1:38.748'}, {'driverId': 'hadjar', 'position': '9', 'time': '1:39.261'}, {'driverId': 'ocon', 'position': '10', 'time': '1:39.106'}]",2025,2,Chinese Grand Prix,2025-03-23,shanghai,Shanghai International Circuit,Shanghai,China
1,"[{'driverId': 'max_verstappen', 'position': '1', 'time': '1:34.725'}, {'driverId': 'norris', 'position': '2', 'time': '1:35.761'}, {'driverId': 'piastri', 'position': '3', 'time': '1:36.482'}, {'driverId': 'leclerc', 'position': '4', 'time': '1:37.371'}, {'driverId': 'russell', 'position': '5', 'time': '1:37.985'}, {'driverId': 'antonelli', 'position': '6', 'time': '1:38.965'}, {'driverId': 'hadjar', 'position': '7', 'time': '1:39.924'}, {'driverId': 'hamilton', 'position': '8', 'time': '1:40.279'}, {'driverId': 'albon', 'position': '9', 'time': '1:40.786'}, {'driverId': 'bearman', 'position': '10', 'time': '1:41.275'}, {'driverId': 'alonso', 'position': '11', 'time': '1:42.048'}, {'driverId': 'gasly', 'position': '12', 'time': '1:42.427'}, {'driverId': 'tsunoda', 'position': '13', 'time': '1:42.862'}, {'driverId': 'lawson', 'position': '14', 'time': '1:43.463'}, {'driverId': 'hulkenberg', 'position': '15', 'time': '1:43.858'}, {'driverId': 'sainz', 'position': '16', 'time': '1:44.206'}, {'driverId': 'ocon', 'position': '17', 'time': '1:44.763'}, {'driverId': 'doohan', 'position': '18', 'time': '1:45.302'}, {'driverId': 'stroll', 'position': '19', 'time': '1:46.103'}, {'driverId': 'bortoleto', 'position': '20', 'time': '1:46.890'}]",2025,3,Japanese Grand Prix,2025-04-06,suzuka,Suzuka Circuit,Suzuka,Japan
2,"[{'driverId': 'max_verstappen', 'position': '1', 'time': '1:33.943'}, {'driverId': 'norris', 'position': '2', 'time': '1:33.947'}, {'driverId': 'piastri', 'position': '3', 'time': '1:34.084'}, {'driverId': 'leclerc', 'position': '4', 'time': '1:34.121'}, {'driverId': 'russell', 'position': '5', 'time': '1:34.191'}, {'driverId': 'antonelli', 'position': '6', 'time': '1:34.531'}, {'driverId': 'hadjar', 'position': '7', 'time': '1:34.750'}, {'driverId': 'hamilton', 'position': '8', 'time': '1:35.275'}, {'driverId': 'albon', 'position': '9', 'time': '1:35.445'}, {'driverId': 'bearman', 'position': '10', 'time': '1:35.553'}]",2025,3,Japanese Grand Prix,2025-04-06,suzuka,Suzuka Circuit,Suzuka,Japan
1,"[{'driverId': 'piastri', 'position': '1', 'time': '1:38.693'}, {'driverId': 'russell', 'position': '2', 'time': '1:39.582'}, {'driverId': 'norris', 'position': '3', 'time': '1:40.424'}, {'driverId': 'leclerc', 'position': '4', 'time': '1:41.332'}, {'driverId': 'gasly', 'position': '5', 'time': '1:42.050'}, {'driverId': 'sainz', 'position': '6', 'time': '1:42.770'}, {'driverId': 'antonelli', 'position': '7', 'time': '1:43.363'}, {'driverId': 'max_verstappen', 'position': '8', 'time': '1:43.877'}, {'driverId': 'hamilton', 'position': '9', 'time': '1:44.568'}, {'driverId': 'tsunoda', 'position': '10', 'time': '1:44.935'}, {'driverId': 'doohan', 'position': '11', 'time': '1:45.172'}, {'driverId': 'alonso', 'position': '12', 'time': '1:45.786'}, {'driverId': 'ocon', 'position': '13', 'time': '1:46.156'}, {'driverId': 'albon', 'position': '14', 'time': '1:46.629'}, {'driverId': 'bearman', 'position': '15', 'time': '1:46.874'}, {'driverId': 'hadjar', 'position': '16', 'time': '1:48.113'}, {'driverId': 'lawson', 'position': '17', 'time': '1:48.467'}, {'driverId': 'stroll', 'position': '18', 'time': '1:48.838'}, {'driverId': 'bortoleto', 'position': '19', 'time': '1:49.307'}, {'driverId': 'hulkenberg', 'position': '20', 'time': '1:49.482'}]",2025,4,Bahrain Grand Prix,2025-04-13,bahrain,Bahrain International Circuit,Sakhir,Bahrain
2,"[{'driverId': 'piastri', 'position': '1', 'time': '1:37.492'}, {'driverId': 'russell', 'position': '2', 'time': '1:37.817'}, {'driverId': 'norris', 'position': '3', 'time': '1:37.910'}, {'driverId': 'leclerc', 'position': '4', 'time': '1:38.048'}, {'driverId': 'gasly', 'position': '5', 'time': '1:38.064'}, {'driverId': 'sainz', 'position': '6', 'time': '1:38.185'}, {'driverId': 'antonelli', 'position': '7', 'time': '1:38.187'}, {'driverId': 'max_verstappen', 'position': '8', 'time': '1:38.403'}, {'driverId': 'hamilton', 'position': '9', 'time': '1:38.566'}, {'driverId': 'tsunoda', 'position': '10', 'time': '1:38.959'}]",2025,4,Bahrain Grand Prix,2025-04-13,bahrain,Bahrain International Circuit,Sakhir,Bahrain
1,"[{'driverId': 'max_verstappen', 'position': '1', 'time': '2:03.217'}, {'driverId': 'piastri', 'position': '2', 'time': '2:04.986'}, {'driverId': 'russell', 'position': '3', 'time': '2:07.151'}, {'driverId': 'leclerc', 'position': '4', 'time': '2:07.865'}, {'driverId': 'antonelli', 'position': '5', 'time': '2:09.232'}, {'driverId': 'hamilton', 'position': '6', 'time': '2:12.474'}, {'driverId': 'sainz', 'position': '7', 'time': '2:13.455'}, {'driverId': 'norris', 'position': '8', 'time': '2:16.024'}, {'driverId': 'albon', 'position': '9', 'time': '2:17.291'}, {'driverId': 'alonso', 'position': '10', 'time': '2:18.128'}, {'driverId': 'hadjar', 'position': '11', 'time': '2:21.020'}, {'driverId': 'lawson', 'position': '12', 'time': '2:23.086'}, {'driverId': 'bearman', 'position': '13', 'time': '2:24.140'}, {'driverId': 'stroll', 'position': '14', 'time': '2:25.831'}, {'driverId': 'hulkenberg', 'position': '15', 'time': '2:27.149'}, {'driverId': 'doohan', 'position': '16', 'time': '2:28.383'}, {'driverId': 'ocon', 'position': '17', 'time': '2:29.408'}, {'driverId': 'bortoleto', 'position': '18', 'time': '2:29.952'}, {'driverId': 'tsunoda', 'position': '19', 'time': '2:45.662'}]",2025,5,Saudi Arabian Grand Prix,2025-04-20,jeddah,Jeddah Corniche Circuit,Jeddah,Saudi Arabia
2,"[{'driverId': 'max_verstappen', 'position': '1', 'time': '2:44.900'}, {'driverId': 'piastri', 'position': '2', 'time': '2:44.068'}, {'driverId': 'russell', 'position': '3', 'time': '2:43.750'}, {'driverId': 'leclerc', 'position': '4', 'time': '2:44.726'}, {'driverId': 'antonelli', 'position': '5', 'time': '2:44.553'}, {'driverId': 'hamilton', 'position': '6', 'time': '2:43.542'}, {'driverId': 'sainz', 'position': '7', 'time': '2:43.384'}, {'driverId': 'norris', 'position': '8', 'time': '2:42.594'}, {'driverId': 'albon', 'position': '9', 'time': '2:42.341'}, {'driverId': 'alonso', 'position': '10', 'time': '2:43.296'}, {'driverId': 'hadjar', 'position': '11', 'time': '2:41.811'}]",2025,5,Saudi Arabian Grand Prix,2025-04-20,jeddah,Jeddah Corniche Circuit,Jeddah,Saudi Arabia
1,"[{'driverId': 'max_verstappen', 'position': '1', 'time': '1:35.669'}, {'driverId': 'antonelli', 'position': '2', 'time': '1:36.850'}, {'driverId': 'piastri', 'position': '3', 'time': '1:37.135'}, {'driverId': 'russell', 'position': '4', 'time': '1:38.178'}, {'driverId': 'albon', 'position': '5', 'time': '1:38.782'}, {'driverId': 'norris', 'position': '6', 'time': '1:39.277'}, {'driverId': 'sainz', 'position': '7', 'time': '1:39.731'}, {'driverId': 'leclerc', 'position': '8', 'time': '1:40.561'}, {'driverId': 'tsunoda', 'position': '9', 'time': '1:41.207'}, {'driverId': 'ocon', 'position': '10', 'time': '1:41.555'}, {'driverId': 'hadjar', 'position': '11', 'time': '1:42.125'}, {'driverId': 'hamilton', 'position': '12', 'time': '1:42.517'}, {'driverId': 'bortoleto', 'position': '13', 'time': '1:43.084'}, {'driverId': 'hulkenberg', 'position': '14', 'time': '1:43.306'}, {'driverId': 'stroll', 'position': '15', 'time': '1:43.734'}, {'driverId': 'bearman', 'position': '16', 'time': '1:44.650'}, {'driverId': 'alonso', 'position': '17', 'time': '1:44.913'}, {'driverId': 'gasly', 'position': '18', 'time': '1:45.474'}, {'driverId': 'lawson', 'position': '19', 'time': '1:55.964'}]",2025,6,Miami Grand Prix,2025-05-04,miami,Miami International Autodrome,Miami,USA
2,"[{'driverId': 'max_verstappen', 'position': '1', 'time': '1:51.128'}, {'driverId': 'antonelli', 'position': '2', 'time': '1:52.276'}, {'driverId': 'piastri', 'position': '3', 'time': '1:52.677'}, {'driverId': 'russell', 'position': '4', 'time': '1:52.831'}, {'driverId': 'albon', 'position': '5', 'time': '1:53.640'}, {'driverId': 'norris', 'position': '6', 'time': '1:55.086'}, {'driverId': 'sainz', 'position': '7', 'time': '1:55.407'}, {'driverId': 'leclerc', 'position': '8', 'time': '1:56.383'}, {'driverId': 'tsunoda', 'position': '9', 'time': '1:56.508'}, {'driverId': 'ocon', 'position': '10', 'time': '1:57.623'}, {'driverId': 'hadjar', 'position': '11', 'time': '1:59.426'}]",2025,6,Miami Grand Prix,2025-05-04,miami,Miami International Autodrome,Miami,USA
1,"[{'driverId': 'max_verstappen', 'position': '1', 'time': '1:22.992'}, {'driverId': 'piastri', 'position': '2', 'time': '1:23.966'}, {'driverId': 'russell', 'position': '3', 'time': '1:24.968'}, {'driverId': 'norris', 'position': '4', 'time': '1:25.806'}, {'driverId': 'alonso', 'position': '5', 'time': '1:26.360'}, {'driverId': 'sainz', 'position': '6', 'time': '1:26.933'}, {'driverId': 'albon', 'position': '7', 'time': '1:27.403'}, {'driverId': 'stroll', 'position': '8', 'time': '1:27.757'}, {'driverId': 'gasly', 'position': '9', 'time': '1:28.236'}, {'driverId': 'leclerc', 'position': '10', 'time': '1:28.571'}, {'driverId': 'hadjar', 'position': '11', 'time': '1:29.045'}, {'driverId': 'antonelli', 'position': '12', 'time': '1:29.534'}, {'driverId': 'hamilton', 'position': '13', 'time': '1:29.981'}, {'driverId': 'bortoleto', 'position': '14', 'time': '1:30.416'}, {'driverId': 'lawson', 'position': '15', 'time': '1:30.945'}, {'driverId': 'hulkenberg', 'position': '16', 'time': '1:31.936'}, {'driverId': 'colapinto', 'position': '17', 'time': '1:32.370'}, {'driverId': 'bearman', 'position': '18', 'time': '1:33.051'}, {'driverId': 'tsunoda', 'position': '19', 'time': '1:35.056'}, {'driverId': 'ocon', 'position': '20', 'time': '1:36.497'}]",2025,7,Emilia Romagna Grand Prix,2025-05-18,imola,Autodromo Enzo e Dino Ferrari,Imola,Italy
2,"[{'driverId': 'max_verstappen', 'position': '1', 'time': '1:21.131'}, {'driverId': 'piastri', 'position': '2', 'time': '1:21.601'}, {'driverId': 'russell', 'position': '3', 'time': '1:21.596'}, {'driverId': 'norris', 'position': '4', 'time': '1:21.819'}, {'driverId': 'alonso', 'position': '5', 'time': '1:22.150'}, {'driverId': 'sainz', 'position': '6', 'time': '1:22.200'}, {'driverId': 'albon', 'position': '7', 'time': '1:22.323'}, {'driverId': 'stroll', 'position': '8', 'time': '1:22.497'}, {'driverId': 'gasly', 'position': '9', 'time': '1:22.771'}, {'driverId': 'leclerc', 'position': '10', 'time': '1:22.899'}]",2025,7,Emilia Romagna Grand Prix,2025-05-18,imola,Autodromo Enzo e Dino Ferrari,Imola,Italy
1,"[{'driverId': 'norris', 'position': '1', 'time': '1:23.340'}, {'driverId': 'leclerc', 'position': '2', 'time': '1:24.481'}, {'driverId': 'piastri', 'position': '3', 'time': '1:26.141'}, {'driverId': 'max_verstappen', 'position': '4', 'time': '1:27.020'}, {'driverId': 'hadjar', 'position': '5', 'time': '1:27.567'}, {'driverId': 'alonso', 'position': '6', 'time': '1:28.332'}, {'driverId': 'hamilton', 'position': '7', 'time': '1:29.406'}, {'driverId': 'ocon', 'position': '8', 'time': '1:29.926'}, {'driverId': 'lawson', 'position': '9', 'time': '1:30.523'}, {'driverId': 'albon', 'position': '10', 'time': '1:31.479'}, {'driverId': 'sainz', 'position': '11', 'time': '1:32.413'}, {'driverId': 'hulkenberg', 'position': '12', 'time': '1:32.788'}, {'driverId': 'russell', 'position': '13', 'time': '1:34.077'}, {'driverId': 'antonelli', 'position': '14', 'time': '1:34.721'}, {'driverId': 'colapinto', 'position': '15', 'time': '1:36.577'}, {'driverId': 'stroll', 'position': '16', 'time': '1:38.018'}, {'driverId': 'tsunoda', 'position': '17', 'time': '1:50.476'}, {'driverId': 'gasly', 'position': '18', 'time': '1:52.223'}, {'driverId': 'bearman', 'position': '19', 'time': '2:19.932'}, {'driverId': 'bortoleto', 'position': '20', 'time': '2:25.564'}]",2025,8,Monaco Grand Prix,2025-05-25,monaco,Circuit de Monaco,Monte-Carlo,Monaco
2,"[{'driverId': 'norris', 'position': '1', 'time': '1:44.634'}, {'driverId': 'leclerc', 'position': '2', 'time': '1:44.769'}, {'driverId': 'piastri', 'position': '3', 'time': '1:46.466'}, {'driverId': 'max_verstappen', 'position': '4', 'time': '1:46.318'}, {'driverId': 'hadjar', 'position': '5', 'time': '1:46.692'}, {'driverId': 'alonso', 'position': '6', 'time': '1:47.072'}, {'driverId': 'hamilton', 'position': '7', 'time': '1:51.437'}, {'driverId': 'ocon', 'position': '8', 'time': '1:51.527'}, {'driverId': 'lawson', 'position': '9', 'time': '1:52.308'}, {'driverId': 'albon', 'position': '10', 'time': '1:52.152'}]",2025,8,Monaco Grand Prix,2025-05-25,monaco,Circuit de Monaco,Monte-Carlo,Monaco
1,"[{'driverId': 'piastri', 'position': '1', 'time': '1:22.879'}, {'driverId': 'max_verstappen', 'position': '2', 'time': '1:23.696'}, {'driverId': 'norris', 'position': '3', 'time': '1:24.658'}, {'driverId': 'hamilton', 'position': '4', 'time': '1:25.349'}, {'driverId': 'leclerc', 'position': '5', 'time': '1:26.275'}, {'driverId': 'russell', 'position': '6', 'time': '1:26.617'}, {'driverId': 'antonelli', 'position': '7', 'time': '1:27.381'}, {'driverId': 'gasly', 'position': '8', 'time': '1:27.934'}, {'driverId': 'hadjar', 'position': '9', 'time': '1:28.411'}, {'driverId': 'alonso', 'position': '10', 'time': '1:28.761'}, {'driverId': 'hulkenberg', 'position': '11', 'time': '1:28.901'}, {'driverId': 'bortoleto', 'position': '12', 'time': '1:29.360'}, {'driverId': 'lawson', 'position': '13', 'time': '1:29.953'}, {'driverId': 'albon', 'position': '14', 'time': '1:30.384'}, {'driverId': 'bearman', 'position': '15', 'time': '1:30.837'}, {'driverId': 'ocon', 'position': '16', 'time': '1:31.228'}, {'driverId': 'sainz', 'position': '17', 'time': '1:31.809'}, {'driverId': 'colapinto', 'position': '18', 'time': '1:32.318'}, {'driverId': 'tsunoda', 'position': '19', 'time': '1:33.614'}]",2025,9,Spanish Grand Prix,2025-06-01,catalunya,Circuit de Barcelona-Catalunya,Montmeló,Spain
2,"[{'driverId': 'piastri', 'position': '1', 'time': '1:20.211'}, {'driverId': 'max_verstappen', 'position': '2', 'time': '1:20.083'}, {'driverId': 'norris', 'position': '3', 'time': '1:20.904'}, {'driverId': 'hamilton', 'position': '4', 'time': '1:21.368'}, {'driverId': 'leclerc', 'position': '5', 'time': '1:21.421'}, {'driverId': 'russell', 'position': '6', 'time': '1:21.564'}, {'driverId': 'antonelli', 'position': '7', 'time': '1:22.112'}, {'driverId': 'gasly', 'position': '8', 'time': '1:22.663'}, {'driverId': 'hadjar', 'position': '9', 'time': '1:22.858'}, {'driverId': 'hulkenberg', 'position': '10', 'time': '1:22.812'}, {'driverId': 'alonso', 'position': '11', 'time': '1:23.387'}]",2025,9,Spanish Grand Prix,2025-06-01,catalunya,Circuit de Barcelona-Catalunya,Montmeló,Spain
1,"[{'driverId': 'russell', 'position': '1', 'time': '1:21.852'}, {'driverId': 'max_verstappen', 'position': '2', 'time': '1:22.549'}, {'driverId': 'antonelli', 'position': '3', 'time': '1:23.319'}, {'driverId': 'piastri', 'position': '4', 'time': '1:23.939'}, {'driverId': 'hamilton', 'position': '5', 'time': '1:24.695'}, {'driverId': 'alonso', 'position': '6', 'time': '1:25.331'}, {'driverId': 'norris', 'position': '7', 'time': '1:25.741'}, {'driverId': 'leclerc', 'position': '8', 'time': '1:26.330'}, {'driverId': 'hulkenberg', 'position': '9', 'time': '1:27.961'}, {'driverId': 'colapinto', 'position': '10', 'time': '1:28.837'}, {'driverId': 'hadjar', 'position': '11', 'time': '1:29.263'}, {'driverId': 'albon', 'position': '12', 'time': '1:29.443'}, {'driverId': 'bearman', 'position': '13', 'time': '1:29.938'}, {'driverId': 'ocon', 'position': '14', 'time': '1:30.156'}, {'driverId': 'bortoleto', 'position': '15', 'time': '1:30.643'}, {'driverId': 'sainz', 'position': '16', 'time': '1:30.973'}, {'driverId': 'tsunoda', 'position': '17', 'time': '1:31.334'}, {'driverId': 'stroll', 'position': '18', 'time': '1:31.602'}, {'driverId': 'lawson', 'position': '19', 'time': '1:33.298'}, {'driverId': 'gasly', 'position': '20', 'time': '1:34.327'}]",2025,10,Canadian Grand Prix,2025-06-15,villeneuve,Circuit Gilles Villeneuve,Montreal,Canada
2,"[{'driverId': 'russell', 'position': '1', 'time': '1:16.437'}, {'driverId': 'max_verstappen', 'position': '2', 'time': '1:16.418'}, {'driverId': 'antonelli', 'position': '3', 'time': '1:16.584'}, {'driverId': 'piastri', 'position': '4', 'time': '1:17.510'}, {'driverId': 'hamilton', 'position': '5', 'time': '1:17.320'}, {'driverId': 'alonso', 'position': '6', 'time': '1:17.402'}, {'driverId': 'norris', 'position': '7', 'time': '1:17.686'}, {'driverId': 'leclerc', 'position': '8', 'time': '1:17.784'}, {'driverId': 'hulkenberg', 'position': '9', 'time': '1:17.872'}, {'driverId': 'colapinto', 'position': '10', 'time': '1:18.477'}]",2025,10,Canadian Grand Prix,2025-06-15,villeneuve,Circuit Gilles Villeneuve,Montreal,Canada
1,"[{'driverId': 'norris', 'position': '1', 'time': '1:28.861'}, {'driverId': 'piastri', 'position': '2', 'time': '1:30.706'}, {'driverId': 'leclerc', 'position': '3', 'time': '1:34.202'}, {'driverId': 'hamilton', 'position': '4', 'time': '1:36.740'}, {'driverId': 'russell', 'position': '5', 'time': '1:37.687'}, {'driverId': 'gasly', 'position': '6', 'time': '1:40.322'}, {'driverId': 'albon', 'position': '7', 'time': '1:42.177'}, {'driverId': 'bortoleto', 'position': '8', 'time': '1:42.691'}, {'driverId': 'lawson', 'position': '9', 'time': '1:44.886'}, {'driverId': 'alonso', 'position': '10', 'time': '1:45.927'}, {'driverId': 'colapinto', 'position': '11', 'time': '1:47.783'}, {'driverId': 'bearman', 'position': '12', 'time': '1:49.434'}, {'driverId': 'stroll', 'position': '13', 'time': '1:50.757'}, {'driverId': 'ocon', 'position': '14', 'time': '1:51.782'}, {'driverId': 'tsunoda', 'position': '15', 'time': '1:54.268'}, {'driverId': 'hadjar', 'position': '16', 'time': '1:57.087'}, {'driverId': 'hulkenberg', 'position': '17', 'time': '1:58.625'}]",2025,11,Austrian Grand Prix,2025-06-29,red_bull_ring,Red Bull Ring,Spielberg,Austria
2,"[{'driverId': 'norris', 'position': '1', 'time': '1:54.426'}, {'driverId': 'piastri', 'position': '2', 'time': '1:53.508'}, {'driverId': 'leclerc', 'position': '3', 'time': '1:51.532'}, {'driverId': 'hamilton', 'position': '4', 'time': '1:50.441'}, {'driverId': 'russell', 'position': '5', 'time': '1:51.333'}, {'driverId': 'gasly', 'position': '6', 'time': '1:50.256'}, {'driverId': 'albon', 'position': '7', 'time': '1:49.602'}, {'driverId': 'bortoleto', 'position': '8', 'time': '1:49.849'}, {'driverId': 'lawson', 'position': '9', 'time': '1:48.551'}, {'driverId': 'alonso', 'position': '10', 'time': '1:48.453'}, {'driverId': 'colapinto', 'position': '11', 'time': '1:47.447'}, {'driverId': 'bearman', 'position': '12', 'time': '1:47.141'}, {'driverId': 'stroll', 'position': '13', 'time': '1:47.622'}]",2025,11,Austrian Grand Prix,2025-06-29,red_bull_ring,Red Bull Ring,Spielberg,Austria
1,"[{'driverId': 'max_verstappen', 'position': '1', 'time': '1:45.820'}, {'driverId': 'piastri', 'position': '2', 'time': '1:46.554'}, {'driverId': 'norris', 'position': '3', 'time': '1:48.196'}, {'driverId': 'hamilton', 'position': '4', 'time': '1:48.827'}, {'driverId': 'gasly', 'position': '5', 'time': '1:49.058'}, {'driverId': 'alonso', 'position': '6', 'time': '1:50.468'}, {'driverId': 'sainz', 'position': '7', 'time': '1:51.254'}, {'driverId': 'antonelli', 'position': '8', 'time': '1:51.613'}, {'driverId': 'albon', 'position': '9', 'time': '1:52.180'}, {'driverId': 'tsunoda', 'position': '10', 'time': '1:52.897'}, {'driverId': 'hulkenberg', 'position': '11', 'time': '1:53.433'}, {'driverId': 'stroll', 'position': '12', 'time': '1:54.213'}, {'driverId': 'ocon', 'position': '13', 'time': '1:54.646'}, {'driverId': 'russell', 'position': '14', 'time': '2:10.567'}, {'driverId': 'leclerc', 'position': '15', 'time': '2:11.978'}, {'driverId': 'hadjar', 'position': '16', 'time': '2:13.171'}, {'driverId': 'bortoleto', 'position': '17', 'time': '2:15.202'}, {'driverId': 'bearman', 'position': '18', 'time': '2:16.342'}]",2025,12,British Grand Prix,2025-07-06,silverstone,Silverstone Circuit,Silverstone,UK
2,"[{'driverId': 'max_verstappen', 'position': '1', 'time': '2:15.598'}, {'driverId': 'piastri', 'position': '2', 'time': '2:15.131'}, {'driverId': 'norris', 'position': '3', 'time': '2:16.245'}, {'driverId': 'antonelli', 'position': '4', 'time': '2:13.229'}, {'driverId': 'hamilton', 'position': '5', 'time': '2:17.611'}, {'driverId': 'gasly', 'position': '6', 'time': '2:18.221'}, {'driverId': 'alonso', 'position': '7', 'time': '2:17.676'}, {'driverId': 'sainz', 'position': '8', 'time': '2:18.077'}, {'driverId': 'albon', 'position': '9', 'time': '2:18.765'}, {'driverId': 'tsunoda', 'position': '10', 'time': '2:18.902'}, {'driverId': 'hulkenberg', 'position': '11', 'time': '2:19.630'}, {'driverId': 'stroll', 'position': '12', 'time': '2:19.999'}]",2025,12,British Grand Prix,2025-07-06,silverstone,Silverstone Circuit,Silverstone,UK
1,"[{'driverId': 'norris', 'position': '1', 'time': '3:04.619'}, {'driverId': 'piastri', 'position': '2', 'time': '3:05.558'}, {'driverId': 'leclerc', 'position': '3', 'time': '3:08.456'}, {'driverId': 'max_verstappen', 'position': '4', 'time': '3:10.061'}, {'driverId': 'albon', 'position': '5', 'time': '3:11.296'}, {'driverId': 'russell', 'position': '6', 'time': '3:13.707'}, {'driverId': 'tsunoda', 'position': '7', 'time': '3:15.676'}, {'driverId': 'hadjar', 'position': '8', 'time': '3:16.869'}, {'driverId': 'lawson', 'position': '9', 'time': '3:18.369'}, {'driverId': 'bortoleto', 'position': '10', 'time': '3:19.512'}, {'driverId': 'ocon', 'position': '11', 'time': '3:21.517'}, {'driverId': 'bearman', 'position': '12', 'time': '3:21.972'}, {'driverId': 'gasly', 'position': '13', 'time': '3:24.447'}, {'driverId': 'hulkenberg', 'position': '14', 'time': '3:26.488'}, {'driverId': 'colapinto', 'position': '15', 'time': '3:27.440'}, {'driverId': 'stroll', 'position': '16', 'time': '3:29.116'}, {'driverId': 'sainz', 'position': '17', 'time': '3:31.318'}, {'driverId': 'hamilton', 'position': '18', 'time': '3:33.712'}, {'driverId': 'antonelli', 'position': '19', 'time': '3:36.399'}, {'driverId': 'alonso', 'position': '20', 'time': '3:38.679'}]",2025,13,Belgian Grand Prix,2025-07-27,spa,Circuit de Spa-Francorchamps,Spa,Belgium
2,"[{'driverId': 'norris', 'position': '1', 'time': '2:53.581'}, {'driverId': 'piastri', 'position': '2', 'time': '2:54.449'}, {'driverId': 'leclerc', 'position': '3', 'time': '2:53.653'}, {'driverId': 'max_verstappen', 'position': '4', 'time': '2:53.359'}, {'driverId': 'albon', 'position': '5', 'time': '2:53.532'}, {'driverId': 'russell', 'position': '6', 'time': '2:52.584'}, {'driverId': 'tsunoda', 'position': '7', 'time': '2:53.033'}, {'driverId': 'hadjar', 'position': '8', 'time': '2:53.453'}, {'driverId': 'lawson', 'position': '9', 'time': '2:52.952'}, {'driverId': 'bortoleto', 'position': '10', 'time': '2:52.493'}]",2025,13,Belgian Grand Prix,2025-07-27,spa,Circuit de Spa-Francorchamps,Spa,Belgium
1,"[{'driverId': 'leclerc', 'position': '1', 'time': '1:27.394'}, {'driverId': 'piastri', 'position': '2', 'time': '1:28.020'}, {'driverId': 'russell', 'position': '3', 'time': '1:28.502'}, {'driverId': 'alonso', 'position': '4', 'time': '1:29.539'}, {'driverId': 'norris', 'position': '5', 'time': '1:30.120'}, {'driverId': 'bortoleto', 'position': '6', 'time': '1:30.735'}, {'driverId': 'stroll', 'position': '7', 'time': '1:31.307'}, {'driverId': 'lawson', 'position': '8', 'time': '1:31.895'}, {'driverId': 'max_verstappen', 'position': '9', 'time': '1:32.368'}, {'driverId': 'bearman', 'position': '10', 'time': '1:32.930'}, {'driverId': 'hadjar', 'position': '11', 'time': '1:33.477'}, {'driverId': 'sainz', 'position': '12', 'time': '1:33.954'}, {'driverId': 'antonelli', 'position': '13', 'time': '1:34.415'}, {'driverId': 'hamilton', 'position': '14', 'time': '1:34.988'}, {'driverId': 'ocon', 'position': '15', 'time': '1:35.396'}, {'driverId': 'albon', 'position': '16', 'time': '1:36.000'}, {'driverId': 'hulkenberg', 'position': '17', 'time': '1:36.304'}, {'driverId': 'colapinto', 'position': '18', 'time': '1:36.986'}, {'driverId': 'gasly', 'position': '19', 'time': '1:37.210'}, {'driverId': 'tsunoda', 'position': '20', 'time': '1:37.737'}]",2025,14,Hungarian Grand Prix,2025-08-03,hungaroring,Hungaroring,Budapest,Hungary
2,"[{'driverId': 'leclerc', 'position': '1', 'time': '1:22.829'}, {'driverId': 'piastri', 'position': '2', 'time': '1:23.242'}, {'driverId': 'russell', 'position': '3', 'time': '1:23.822'}, {'driverId': 'alonso', 'position': '4', 'time': '1:24.413'}, {'driverId': 'norris', 'position': '5', 'time': '1:23.964'}, {'driverId': 'bortoleto', 'position': '6', 'time': '1:23.981'}, {'driverId': 'stroll', 'position': '7', 'time': '1:24.098'}, {'driverId': 'max_verstappen', 'position': '8', 'time': '1:23.871'}, {'driverId': 'lawson', 'position': '9', 'time': '1:25.171'}, {'driverId': 'bearman', 'position': '10', 'time': '1:24.727'}]",2025,14,Hungarian Grand Prix,2025-08-03,hungaroring,Hungaroring,Budapest,Hungary
1,"[{'driverId': 'piastri', 'position': '1', 'time': '1:18.622'}, {'driverId': 'max_verstappen', 'position': '2', 'time': '1:19.680'}, {'driverId': 'norris', 'position': '3', 'time': '1:20.728'}, {'driverId': 'hadjar', 'position': '4', 'time': '1:21.492'}, {'driverId': 'leclerc', 'position': '5', 'time': '1:21.699'}, {'driverId': 'russell', 'position': '6', 'time': '1:22.385'}, {'driverId': 'hamilton', 'position': '7', 'time': '1:23.037'}, {'driverId': 'lawson', 'position': '8', 'time': '1:23.530'}, {'driverId': 'sainz', 'position': '9', 'time': '1:24.115'}, {'driverId': 'albon', 'position': '10', 'time': '1:24.528'}, {'driverId': 'tsunoda', 'position': '11', 'time': '1:24.873'}, {'driverId': 'antonelli', 'position': '12', 'time': '1:25.462'}, {'driverId': 'alonso', 'position': '13', 'time': '1:25.933'}, {'driverId': 'gasly', 'position': '14', 'time': '1:26.382'}, {'driverId': 'colapinto', 'position': '15', 'time': '1:26.770'}, {'driverId': 'ocon', 'position': '16', 'time': '1:27.199'}, {'driverId': 'hulkenberg', 'position': '17', 'time': '1:27.451'}, {'driverId': 'bortoleto', 'position': '18', 'time': '1:27.716'}, {'driverId': 'stroll', 'position': '19', 'time': '1:28.275'}, {'driverId': 'bearman', 'position': '20', 'time': '1:31.422'}]",2025,15,Dutch Grand Prix,2025-08-31,zandvoort,Circuit Park Zandvoort,Zandvoort,Netherlands
2,"[{'driverId': 'piastri', 'position': '1', 'time': '1:15.745'}, {'driverId': 'max_verstappen', 'position': '2', 'time': '1:16.304'}, {'driverId': 'norris', 'position': '3', 'time': '1:16.686'}, {'driverId': 'hadjar', 'position': '4', 'time': '1:16.550'}, {'driverId': 'leclerc', 'position': '5', 'time': '1:17.076'}, {'driverId': 'russell', 'position': '6', 'time': '1:16.688'}, {'driverId': 'hamilton', 'position': '7', 'time': '1:16.716'}, {'driverId': 'lawson', 'position': '8', 'time': '1:16.919'}, {'driverId': 'sainz', 'position': '9', 'time': '1:16.974'}, {'driverId': 'albon', 'position': '10', 'time': '1:17.145'}]",2025,15,Dutch Grand Prix,2025-08-31,zandvoort,Circuit Park Zandvoort,Zandvoort,Netherlands
1,"[{'driverId': 'max_verstappen', 'position': '1', 'time': '1:27.159'}, {'driverId': 'norris', 'position': '2', 'time': '1:27.430'}, {'driverId': 'piastri', 'position': '3', 'time': '1:27.992'}, {'driverId': 'leclerc', 'position': '4', 'time': '1:28.280'}, {'driverId': 'russell', 'position': '5', 'time': '1:28.907'}, {'driverId': 'alonso', 'position': '6', 'time': '1:29.645'}, {'driverId': 'bortoleto', 'position': '7', 'time': '1:30.149'}, {'driverId': 'hamilton', 'position': '8', 'time': '1:30.490'}, {'driverId': 'tsunoda', 'position': '9', 'time': '1:31.278'}, {'driverId': 'antonelli', 'position': '10', 'time': '1:31.686'}, {'driverId': 'bearman', 'position': '11', 'time': '1:31.914'}, {'driverId': 'sainz', 'position': '12', 'time': '1:32.424'}, {'driverId': 'albon', 'position': '13', 'time': '1:32.851'}, {'driverId': 'ocon', 'position': '14', 'time': '1:33.184'}, {'driverId': 'lawson', 'position': '15', 'time': '1:33.554'}, {'driverId': 'stroll', 'position': '16', 'time': '1:33.936'}, {'driverId': 'colapinto', 'position': '17', 'time': '1:34.322'}, {'driverId': 'hadjar', 'position': '18', 'time': '1:34.878'}, {'driverId': 'gasly', 'position': '19', 'time': '1:35.676'}]",2025,16,Italian Grand Prix,2025-09-07,monza,Autodromo Nazionale di Monza,Monza,Italy
2,"[{'driverId': 'norris', 'position': '1', 'time': '1:23.889'}, {'driverId': 'max_verstappen', 'position': '2', 'time': '1:24.859'}, {'driverId': 'leclerc', 'position': '3', 'time': '1:25.178'}, {'driverId': 'piastri', 'position': '4', 'time': '1:25.759'}, {'driverId': 'russell', 'position': '5', 'time': '1:25.309'}, {'driverId': 'bortoleto', 'position': '6', 'time': '1:24.823'}, {'driverId': 'alonso', 'position': '7', 'time': '1:25.926'}, {'driverId': 'hamilton', 'position': '8', 'time': '1:25.502'}, {'driverId': 'tsunoda', 'position': '9', 'time': '1:25.349'}, {'driverId': 'antonelli', 'position': '10', 'time': '1:25.453'}, {'driverId': 'bearman', 'position': '11', 'time': '1:25.671'}]",2025,16,Italian Grand Prix,2025-09-07,monza,Autodromo Nazionale di Monza,Monza,Italy
1,"[{'driverId': 'max_verstappen', 'position': '1', 'time': '2:08.681'}, {'driverId': 'sainz', 'position': '2', 'time': '2:09.277'}, {'driverId': 'lawson', 'position': '3', 'time': '2:11.049'}, {'driverId': 'antonelli', 'position': '4', 'time': '2:12.418'}, {'driverId': 'russell', 'position': '5', 'time': '2:14.241'}, {'driverId': 'tsunoda', 'position': '6', 'time': '2:17.485'}, {'driverId': 'hadjar', 'position': '7', 'time': '2:19.951'}, {'driverId': 'norris', 'position': '8', 'time': '2:20.756'}, {'driverId': 'leclerc', 'position': '9', 'time': '2:23.109'}, {'driverId': 'hamilton', 'position': '10', 'time': '2:24.510'}, {'driverId': 'alonso', 'position': '11', 'time': '2:25.739'}, {'driverId': 'bortoleto', 'position': '12', 'time': '2:26.219'}, {'driverId': 'stroll', 'position': '13', 'time': '2:27.285'}, {'driverId': 'colapinto', 'position': '14', 'time': '2:28.905'}, {'driverId': 'bearman', 'position': '15', 'time': '2:29.915'}, {'driverId': 'gasly', 'position': '16', 'time': '2:31.813'}, {'driverId': 'hulkenberg', 'position': '17', 'time': '2:32.918'}, {'driverId': 'ocon', 'position': '18', 'time': '2:32.985'}, {'driverId': 'albon', 'position': '19', 'time': '2:36.417'}]",2025,17,Azerbaijan Grand Prix,2025-09-21,baku,Baku City Circuit,Baku,Azerbaijan
2,"[{'driverId': 'max_verstappen', 'position': '1', 'time': '2:44.189'}, {'driverId': 'sainz', 'position': '2', 'time': '2:44.422'}, {'driverId': 'lawson', 'position': '3', 'time': '2:44.099'}, {'driverId': 'antonelli', 'position': '4', 'time': '2:44.024'}, {'driverId': 'russell', 'position': '5', 'time': '2:43.287'}, {'driverId': 'tsunoda', 'position': '6', 'time': '2:42.411'}, {'driverId': 'hadjar', 'position': '7', 'time': '2:40.973'}, {'driverId': 'norris', 'position': '8', 'time': '2:41.472'}, {'driverId': 'leclerc', 'position': '9', 'time': '2:41.332'}, {'driverId': 'hamilton', 'position': '10', 'time': '2:42.299'}, {'driverId': 'alonso', 'position': '11', 'time': '2:43.020'}]",2025,17,Azerbaijan Grand Prix,2025-09-21,baku,Baku City Circuit,Baku,Azerbaijan
1,"[{'driverId': 'russell', 'position': '1', 'time': '1:43.905'}, {'driverId': 'max_verstappen', 'position': '2', 'time': '1:44.887'}, {'driverId': 'norris', 'position': '3', 'time': '1:45.566'}, {'driverId': 'piastri', 'position': '4', 'time': '1:46.982'}, {'driverId': 'leclerc', 'position': '5', 'time': '1:47.564'}, {'driverId': 'antonelli', 'position': '6', 'time': '1:47.862'}, {'driverId': 'hamilton', 'position': '7', 'time': '1:48.603'}, {'driverId': 'hadjar', 'position': '8', 'time': '1:49.417'}, {'driverId': 'alonso', 'position': '9', 'time': '1:50.169'}, {'driverId': 'bearman', 'position': '10', 'time': '1:50.644'}, {'driverId': 'hulkenberg', 'position': '11', 'time': '1:51.473'}, {'driverId': 'lawson', 'position': '12', 'time': '1:51.941'}, {'driverId': 'colapinto', 'position': '13', 'time': '1:52.427'}, {'driverId': 'stroll', 'position': '14', 'time': '1:53.822'}, {'driverId': 'bortoleto', 'position': '15', 'time': '1:54.057'}, {'driverId': 'tsunoda', 'position': '16', 'time': '1:55.167'}, {'driverId': 'ocon', 'position': '17', 'time': '1:55.463'}, {'driverId': 'sainz', 'position': '18', 'time': '1:56.072'}, {'driverId': 'gasly', 'position': '19', 'time': '1:56.341'}, {'driverId': 'albon', 'position': '20', 'time': '1:56.760'}]",2025,18,Singapore Grand Prix,2025-10-05,marina_bay,Marina Bay Street Circuit,Marina Bay,Singapore
2,"[{'driverId': 'russell', 'position': '1', 'time': '1:39.149'}, {'driverId': 'max_verstappen', 'position': '2', 'time': '1:39.698'}, {'driverId': 'norris', 'position': '3', 'time': '1:39.639'}, {'driverId': 'piastri', 'position': '4', 'time': '1:40.284'}, {'driverId': 'leclerc', 'position': '5', 'time': '1:41.077'}, {'driverId': 'antonelli', 'position': '6', 'time': '1:41.392'}, {'driverId': 'hamilton', 'position': '7', 'time': '1:41.350'}, {'driverId': 'hadjar', 'position': '8', 'time': '1:41.529'}, {'driverId': 'alonso', 'position': '9', 'time': '1:41.359'}, {'driverId': 'bearman', 'position': '10', 'time': '1:41.501'}]",2025,18,Singapore Grand Prix,2025-10-05,marina_bay,Marina Bay Street Circuit,Marina Bay,Singapore
1,"[{'driverId': 'max_verstappen', 'position': '1', 'time': '1:40.212'}, {'driverId': 'leclerc', 'position': '2', 'time': '1:41.677'}, {'driverId': 'norris', 'position': '3', 'time': '1:42.447'}, {'driverId': 'hamilton', 'position': '4', 'time': '1:43.181'}, {'driverId': 'piastri', 'position': '5', 'time': '1:44.080'}, {'driverId': 'russell', 'position': '6', 'time': '1:44.377'}, {'driverId': 'antonelli', 'position': '7', 'time': '1:45.269'}, {'driverId': 'bearman', 'position': '8', 'time': '1:45.942'}, {'driverId': 'sainz', 'position': '9', 'time': '1:46.371'}, {'driverId': 'tsunoda', 'position': '10', 'time': '1:46.739'}, {'driverId': 'hulkenberg', 'position': '11', 'time': '1:47.315'}, {'driverId': 'alonso', 'position': '12', 'time': '1:47.701'}, {'driverId': 'lawson', 'position': '13', 'time': '1:48.219'}, {'driverId': 'gasly', 'position': '14', 'time': '1:48.733'}, {'driverId': 'ocon', 'position': '15', 'time': '1:49.280'}, {'driverId': 'bortoleto', 'position': '16', 'time': '1:49.461'}, {'driverId': 'colapinto', 'position': '17', 'time': '1:50.067'}, {'driverId': 'stroll', 'position': '18', 'time': '1:50.361'}, {'driverId': 'hadjar', 'position': '19', 'time': '1:51.047'}, {'driverId': 'albon', 'position': '20', 'time': '1:56.940'}]",2025,19,United States Grand Prix,2025-10-19,americas,Circuit of the Americas,Austin,USA
2,"[{'driverId': 'max_verstappen', 'position': '1', 'time': '1:40.241'}, {'driverId': 'leclerc', 'position': '2', 'time': '1:40.503'}, {'driverId': 'norris', 'position': '3', 'time': '1:40.650'}, {'driverId': 'hamilton', 'position': '4', 'time': '1:40.828'}, {'driverId': 'piastri', 'position': '5', 'time': '1:40.687'}, {'driverId': 'russell', 'position': '6', 'time': '1:40.911'}, {'driverId': 'antonelli', 'position': '7', 'time': '1:41.430'}, {'driverId': 'sainz', 'position': '8', 'time': '1:41.311'}, {'driverId': 'bearman', 'position': '9', 'time': '1:42.479'}, {'driverId': 'tsunoda', 'position': '10', 'time': '1:42.044'}]",2025,19,United States Grand Prix,2025-10-19,americas,Circuit of the Americas,Austin,USA
1,"[{'driverId': 'norris', 'position': '1', 'time': '1:24.735'}, {'driverId': 'leclerc', 'position': '2', 'time': '1:26.403'}, {'driverId': 'hamilton', 'position': '3', 'time': '1:27.187'}, {'driverId': 'max_verstappen', 'position': '4', 'time': '1:27.817'}, {'driverId': 'russell', 'position': '5', 'time': '1:28.429'}, {'driverId': 'bearman', 'position': '6', 'time': '1:28.984'}, {'driverId': 'antonelli', 'position': '7', 'time': '1:29.572'}, {'driverId': 'tsunoda', 'position': '8', 'time': '1:30.188'}, {'driverId': 'piastri', 'position': '9', 'time': '1:30.649'}, {'driverId': 'ocon', 'position': '10', 'time': '1:31.068'}, {'driverId': 'hadjar', 'position': '11', 'time': '1:31.619'}, {'driverId': 'sainz', 'position': '12', 'time': '1:32.118'}, {'driverId': 'bortoleto', 'position': '13', 'time': '1:32.601'}, {'driverId': 'lawson', 'position': '14', 'time': '1:33.774'}, {'driverId': 'gasly', 'position': '15', 'time': '1:34.307'}, {'driverId': 'alonso', 'position': '16', 'time': '1:34.649'}, {'driverId': 'hulkenberg', 'position': '17', 'time': '1:34.968'}, {'driverId': 'albon', 'position': '18', 'time': '1:35.288'}, {'driverId': 'stroll', 'position': '19', 'time': '1:38.448'}, {'driverId': 'colapinto', 'position': '20', 'time': '1:39.953'}]",2025,20,Mexico City Grand Prix,2025-10-26,rodriguez,Autódromo Hermanos Rodríguez,Mexico City,Mexico
2,"[{'driverId': 'norris', 'position': '1', 'time': '1:23.146'}, {'driverId': 'leclerc', 'position': '2', 'time': '1:23.141'}, {'driverId': 'hamilton', 'position': '3', 'time': '1:23.366'}, {'driverId': 'max_verstappen', 'position': '4', 'time': '1:23.412'}, {'driverId': 'russell', 'position': '5', 'time': '1:23.407'}, {'driverId': 'bearman', 'position': '6', 'time': '1:23.597'}, {'driverId': 'antonelli', 'position': '7', 'time': '1:23.658'}, {'driverId': 'tsunoda', 'position': '8', 'time': '1:23.838'}, {'driverId': 'piastri', 'position': '9', 'time': '1:23.903'}, {'driverId': 'ocon', 'position': '10', 'time': '1:24.048'}]",2025,20,Mexico City Grand Prix,2025-10-26,rodriguez,Autódromo Hermanos Rodríguez,Mexico City,Mexico
